Economy,most_recent_value,most_recent_perc,Latest_year,Gender_Male,Gender_Female,Urban_Total,Urban_Male,Urban_Female,Rural_Total,Rural_Male,Rural_Female,country_text_id,country_id,year,v2x_regime,v2x_libdem,v2x_freexp_altinf,v2clkill,v2cldiscm,v2cldiscw,v2cseeorgs,v2csreprss,v2csantimv,v2csanmvch_0,v2csanmvch_1,v2csanmvch_2,v2csanmvch_3,v2csanmvch_4,v2csanmvch_5,v2csanmvch_6,v2csanmvch_7,v2csanmvch_8,v2csanmvch_9,v2csanmvch_10,v2csanmvch_11,v2csanmvch_12,v2mecenefi,v2meharjrn,v2smgovdom,v2smgovfilcap,v2smgovfilprc,v2smgovshutcap,v2smgovshut,v2smgovsm,v2smgovsmmon,v2smgovsmcenprc,v2smonex,v2smorgavgact,v2smorgelitact,v2smorgtypes_0,v2smorgtypes_1,v2smorgtypes_2,v2smorgtypes_3,v2smorgtypes_4,v2smorgtypes_5,v2smorgtypes_6,v2smorgtypes_7,v2smorgtypes_8,v2smorgtypes_9,v2smarrest
Afghanistan,18,0.18,NA,NA,NA,NA,NA,NA,NA,NA,NA,AFG,36,2021,Electoral autocracy,0.043,0.22,-1.573,-0.988,-1.173,-0.611,-0.729,-1.137,0.5,0.5,1,1,0.5,0.5,0,0,0.5,0,1,0,0.5,-1.005,-1.476,-1.833,-0.215,-0.999,-0.965,0.278,-0.666,-1.024,0.479,-0.334,1.885,1.298,0.667,0.333,1,1,0.333,0.667,0,0.667,0.333,0,-2.055
Albania,79,0.79,2021,80.3,78.3,NA,NA,NA,NA,NA,NA,ALB,12,2021,Electoral autocracy,0.41,0.672,3.188,1.74,1.626,1.78,1.574,0.078,0.5,0.375,0.125,0.125,0.625,0.125,0.5,0.375,0,0,0.125,0,0,0.466,0.526,-0.795,-0.183,-0.004,-1.038,0.323,1.694,-0.297,1.195,2.699,0.998,0.657,1,0.667,0.833,0.833,0.167,0,0,0,0.167,0,1.034
Algeria,71,0.71,NA,NA,NA,NA,NA,NA,NA,NA,NA,DZA,103,2021,Electoral autocracy,0.138,0.513,0.445,0.436,0.097,-1.058,-1.241,0.473,0.571,0.429,0.429,0.143,0.714,0,0.286,0.286,0,0.429,0.143,0,0,-1.469,0.027,-1.716,1.829,-1.68,1.56,-1.397,-2.015,-2.154,-1.251,0.639,0.376,0.002,1,0.714,1,0.714,0.286,0.143,0.143,0.143,0,0,-1.294
Angola,33,0.33,NA,NA,NA,NA,NA,NA,NA,NA,NA,AGO,104,2021,Electoral autocracy,0.168,0.586,1.045,0.504,0.356,0.267,0.581,0.059,0.5,0.5,0.5,0.5,0.75,0,0,0,0.5,0.25,0.25,0,0,0.84,0.328,-0.136,0.225,1.048,0.172,0.406,0.684,-0.094,0.906,-0.935,0.721,-1.055,0.25,0.25,1,0.5,0.25,0,0,0,0,0,0.977
Argentina,87,0.87,2021,87.8,86.5,NA,NA,NA,NA,NA,NA,ARG,37,2021,Electoral democracy,0.657,0.889,2.365,2.623,2.463,2.421,1.934,-0.757,0.143,0.143,0.429,0,0.143,0,0.286,0.429,0.143,0,0,0,0,1.831,1.96,1.136,-0.294,2.367,-1.401,1.926,1.872,0.832,1.811,1.295,1.366,1.211,0.889,0.778,1,0.778,0.222,0.111,0.111,0,0,0,2.636
Armenia,79,0.79,2021,75.5,81.4,82.4,79.7,84.6,73.5,70.5,76.6,ARM,105,2021,Electoral democracy,0.541,0.835,2.375,2.107,1.695,3.015,1.888,-0.551,0,0.429,0.571,0,0.286,0.286,0,0.286,0,0,0,0,0,1.958,1.078,-0.704,-0.173,1.06,0.658,1.47,1.892,0.731,1.129,1.198,2.976,2.372,0.714,0.429,1,0.143,0.143,0,0,0,0,0,0.957
Australia,96,0.96,NA,NA,NA,NA,NA,NA,NA,NA,NA,AUS,67,2021,Liberal democracy,0.804,0.929,3.022,2.404,2.795,2.816,1.887,-2.273,0.667,0.667,0.667,0,0.667,0.333,0.667,0.333,0.333,0,0.333,0,0,1.26,1.799,0.565,0.283,2.05,-0.491,1.327,1.433,1.471,1.571,2.186,1.141,-1.195,0.857,0.571,0.857,0.286,0.143,0,0,0.143,0,0.429,1.501
Austria,93,0.93,2021,94.2,90.9,NA,NA,NA,NA,NA,NA,AUT,144,2021,Electoral democracy,0.751,0.925,2.84,2.691,3.008,1.327,2.299,-0.372,0.25,0.5,0.5,0,0.25,0.75,0.25,1,0,0,0.25,0,0,1.942,2.219,1.171,-0.609,1.966,-0.379,1.759,1.758,0.974,2.049,1.928,2.177,1.487,1,0.333,1,0,0,0,0.333,0,0,0,2.57
Azerbaijan,86,0.86,2021,88.4,83.6,94.3,95,93.7,76.5,81,71.9,AZE,106,2021,Electoral autocracy,0.066,0.154,1.203,-0.487,-0.737,-0.878,-0.292,-0.7,0.333,0.667,0.833,0,0.833,0.167,0.167,0.167,0,0,0.333,0,0,-0.302,-0.542,-3.081,1.75,-1.872,1.997,-0.647,-0.415,-2.425,-0.461,1.483,-0.267,-1.73,0.857,0.571,0.714,0,0.286,0,0,0,0.143,0.143,-1.411
Bahrain,100,1,2021,100,100,NA,NA,NA,NA,NA,NA,BHR,146,2021,Closed autocracy,0.054,0.11,-0.231,-1.171,-0.728,-1.605,-1.692,-0.672,0,0,0.75,0,0.25,0.25,0.25,0.25,0.75,0.25,0.75,0,0,-0.31,-1.217,-1.275,2.555,-2.336,1.402,-0.913,0.501,-1.837,-0.906,0.374,1.721,0.062,0.4,0.4,1,0.6,0.4,0.2,0,0,0,0,-2.9
Bangladesh,39,0.39,2021,45.3,32.7,66.8,71.3,62.4,29.7,36.6,23,BGD,24,2021,Electoral autocracy,0.103,0.391,-1.491,-0.811,-0.786,1.614,-0.494,-0.999,0.5,0.25,0.5,0.25,0.5,0.25,0.25,0.5,0,0,0.25,0,0,-1.639,-1.588,-1.255,2.211,-0.996,1.598,-1.287,-1.423,-2.536,-2.549,0.421,-0.119,-0.419,0.8,0.8,0.8,0.6,0.6,0.2,0.4,0.6,0.2,0.2,-2.319
Barbados,86,0.86,NA,NA,NA,NA,NA,NA,NA,NA,NA,BRB,147,2021,Liberal democracy,0.678,0.909,2.605,2.454,2.504,1.954,2.057,-1.55,0.5,0.5,0,0,1,0,0,0,0,0,0,0,0,1.3,2.226,1.165,-1.044,1.375,-1.656,1.827,1.094,0.952,1.151,1.025,-0.097,-0.892,0.6,0.6,0.6,0.4,0,0,0,0,0,0,1.82
Belarus,87,0.87,2021,86,87.5,89.9,89.1,90.4,76.9,75.6,77.7,BLR,107,2021,Electoral autocracy,0.038,0.059,-0.966,-2.298,-2.284,-3.28,-3.158,-0.194,0.4,0.6,0.4,0,0.8,0,0,0,0,0,0,0,0,-1.599,-1.727,-2.55,2.164,-2.055,1.329,-2.729,-1.592,-2.231,0.11,0.373,2.231,-1.431,0.833,0,0.833,0.667,0,0,0,0,0,0.167,-1.562
Belgium,93,0.93,2021,92.9,92.7,93,93,93,91.5,92.3,90.8,BEL,148,2021,Liberal democracy,0.82,0.966,3.088,2.446,2.458,1.532,2.84,-0.993,0,0.5,0.75,0,0.25,0.25,0.5,0.75,0,0.25,0,0,0,1.98,2.091,1.899,0.135,2.601,-0.81,1.903,1.917,0.71,2.07,1.504,1.035,0.063,0.857,0.143,0.857,0.571,0,0.143,0,0,0,0.143,2.677
Benin,34,0.34,NA,NA,NA,NA,NA,NA,NA,NA,NA,BEN,52,2021,Electoral autocracy,0.289,0.689,2.151,0.525,0.524,1.379,0.897,0.168,0.5,0,0.5,0,0.5,0,0,0,0,0,0,0,0,1.919,0.555,1.247,1.283,1.451,2.207,1.273,0.547,-0.397,1.036,-0.595,0.217,-0.028,0.667,0.333,0.333,0.167,0,0,0.167,0,0,0.167,-0.191
Bhutan,86,0.86,2021,84.8,86.3,96.6,96.1,96.8,79.1,79.4,78.8,BTN,53,2021,Liberal democracy,0.476,0.715,1.422,1.185,0.791,0.616,0.826,-1.522,0,0,0.667,0,0,0,0,0,1,0,0.333,0,0,-0.521,0.903,-1.027,-0.863,-1.191,0.063,-1.645,-1.216,-1.435,-0.839,-0.632,-0.609,-1.408,0.333,0.833,0.333,0,0,0,0,0,0.167,0,-1.251
Bolivia,66,0.66,2021,68.3,63.7,77.6,79.6,75.8,37.9,41.8,34.1,BOL,25,2021,Electoral democracy,0.357,0.764,1.876,1.408,0.878,0.918,0.824,0.622,0.333,0.333,0.667,0.167,0.5,0.333,0.333,0.667,0,0.667,0,0.167,0.333,0.936,1.019,-1.428,-0.573,0.682,-0.601,1.09,1.287,-0.281,0.818,-0.02,1.682,1.036,0.375,0.5,1,0.75,0.75,0.25,0.125,0.125,0,0,0.274
Bosnia and Herzegovina,76,0.76,2021,79.2,72.7,78.9,84.4,74.4,73.3,75.5,71.3,BIH,150,2021,Electoral democracy,0.357,0.636,1.846,0.834,0.41,2.791,1.817,-1.657,0.25,0.25,0.25,0.25,0.75,0.5,0,0.5,0.25,0.25,0.25,0.25,0.25,1.947,0.311,-0.617,-1.319,1.894,-1.265,1.825,1.801,1.46,0.736,0.572,0.498,-0.125,0.857,0.286,1,0.429,0,0,0.143,0,0,0,0.823
Botswana,74,0.74,NA,NA,NA,NA,NA,NA,NA,NA,NA,BWA,68,2021,Electoral democracy,0.485,0.816,1.343,2.024,1.402,2.037,2.152,-0.904,0.5,0,0,0,1,0,0,0,0,0,0,0,0,1.876,0.809,-0.147,0.585,2.048,-0.054,1.784,1.857,2.428,1.787,0.988,0.573,0.963,1,0.75,0.75,0.75,0,0,0.25,0,0,0,0.431
Brazil,81,0.81,2021,81.6,79.8,81.8,83.3,80.4,73.5,70.1,76.2,BRA,19,2021,Electoral democracy,0.513,0.67,-0.281,1.022,0.505,1.693,1.134,-0.336,0.5,0.667,0.5,0,0.5,0.833,0.667,0.833,0,0,0.5,0.333,0.167,0.861,0.359,-2.253,-0.719,-0.21,-1.531,1.638,2.021,0.031,0.534,1.185,1.818,0.743,0.625,0.75,0.75,0.625,0.25,0.25,0.375,0,0.125,0.125,1.052
Bulgaria,75,0.75,2021,76.5,74.1,79.1,79.9,78.4,64.6,67.6,61.4,BGR,152,2021,Electoral democracy,0.555,0.774,2.199,1.888,1.76,1.612,2.316,-0.256,0.571,0.857,0.429,0,0.286,0.429,0.286,0.571,0.143,0,0,0,0.143,1.974,0.499,0.049,-0.179,2.066,-1.226,1.899,1.863,1.397,1.435,0.943,0.899,2.052,1,0.8,1,0.4,0.2,0.2,0.2,0,0,0,1.677
Burkina Faso,22,0.22,NA,NA,NA,NA,NA,NA,NA,NA,NA,BFA,54,2021,Electoral democracy,0.428,0.802,2.275,0.48,0.82,1.981,1.737,1.009,0.25,0,0.75,0.5,0,0,0.25,0,0,0,0.5,0,0,-0.272,0.957,0.609,1.775,-0.699,2.053,-2.109,-1.069,-1.798,-0.785,-0.051,1.704,0.947,0.6,0.6,0.8,0.6,0,0,0,0.4,0,0.2,-1.007
Burundi,6,0.06,NA,NA,NA,NA,NA,NA,NA,NA,NA,BDI,69,2021,Electoral autocracy,0.07,0.128,-2.096,-1.671,-1.553,-1.94,-0.998,-0.581,0.25,0,0.25,0.25,0.75,0,0,0,0,0,0.25,0,0,-0.685,-1.435,-1.243,-0.913,-0.68,0.828,-0.272,-1.147,-0.983,-0.984,-0.922,-0.733,0,0.714,0.286,0.571,0.286,0.143,0.143,0,0.286,0.143,0.143,-2.822
Cape Verde,70,0.7,NA,NA,NA,NA,NA,NA,NA,NA,NA,CPV,70,2021,Electoral democracy,0.676,0.87,1.896,2.581,1.709,1.867,3.055,-1.682,0.667,0.667,0,0,1,0,0.333,0,0,0,0,0,0,2.044,1.674,1.175,-1.151,1.619,-1.301,0.706,1.47,2.127,1.15,-0.167,0.112,0.037,1,0.4,0.8,0.4,0,0,0,0,0,0,1.563
Cambodia,60,0.6,NA,NA,NA,NA,NA,NA,NA,NA,NA,KHM,55,2021,Electoral autocracy,0.065,0.19,-0.71,-0.949,-0.984,-0.95,-1.805,-0.584,1,0.667,0,0,0.667,0,0,0,0,0,0,0,0,-0.965,-1.12,-2.43,0.294,-2.489,-0.519,0.512,0.708,-1.021,-0.836,0.218,-0.437,1.465,0.8,0.6,1,0.8,0,0.2,0,0,0,0,-2.131
Cameroon,46,0.46,NA,NA,NA,NA,NA,NA,NA,NA,NA,CMR,108,2021,Electoral autocracy,0.123,0.587,0.471,0.81,0.929,0.356,-0.73,1.103,0.125,0.375,0.625,0.75,0,0.125,0,0.125,0.375,0.75,0,0.25,0.125,-0.521,-0.622,-1.152,1.393,0.39,1.672,-0.026,0.047,-0.875,-1.532,-0.676,1.799,1.426,0.571,0.714,0.857,0.714,0.286,0.571,0.143,0.143,0,0.143,-1.261
Canada,93,0.93,NA,NA,NA,NA,NA,NA,NA,NA,NA,CAN,66,2021,Liberal democracy,0.747,0.939,3.124,2.523,2.441,2.083,1.911,-0.59,0.5,0,0.25,0,0.75,0,0.25,0.25,0.25,0.75,0.25,0,0,1.983,2.783,2.309,0.965,1.955,-0.319,1.848,1.794,1.707,1.991,1.177,0.524,1.047,1,0.75,0.75,0.25,0,0.25,0.25,0,0,0,2.443
Central African Republic,11,0.11,NA,NA,NA,NA,NA,NA,NA,NA,NA,CAF,71,2021,Electoral autocracy,0.175,0.706,-0.337,0.82,0.299,0.562,-0.216,0.651,0.25,0.25,0.25,0.5,0.5,0.5,0.25,0.25,0.75,0.25,0,0.5,0.5,0.996,0.285,-1.112,-1.215,0.401,1.41,0.914,1.202,0.719,1.114,-0.332,0.053,0.423,0.8,0.4,0.8,0.2,0,0.2,0,0.2,0.2,0,-0.465
Chad,18,0.18,NA,NA,NA,NA,NA,NA,NA,NA,NA,TCD,109,2021,Electoral autocracy,0.051,0.483,-1.455,-0.294,0.249,-0.388,-0.762,1.617,0.333,0.333,0.667,0,0.333,0,0,0,0,0,0.333,0,0,-1.443,-0.019,-1.444,0.296,-1.7,1.832,-2.097,-2.535,-0.631,-1.111,-2.402,-1.014,0.31,0.667,0.667,0.333,0.333,0,0.333,0,0.333,0,0,-1.55
Chile,90,0.9,NA,NA,NA,NA,NA,NA,NA,NA,NA,CHL,72,2021,Electoral democracy,0.779,0.901,1.759,2.821,2.742,1.379,2.058,-0.683,0.286,0.429,0.429,0.429,0.286,0.571,0.571,0.429,0.286,0.286,0,0.429,0.286,2.083,2.23,1.255,1.129,1.183,-0.624,1.893,1.97,1.382,1.199,1.486,1.624,0.256,0.667,0.833,1,0.833,0.833,0.333,0,0,0,0,1.58
China,73,0.73,2021,73.5,72.6,81.8,NA,NA,57,NA,NA,CHN,110,2021,Closed autocracy,0.039,0.065,0.329,-1.494,-1.365,-2.297,-1.316,-2.394,0.5,0.5,0,0,0.5,0,0,0,0.5,0.5,0.5,0,0,-2.037,-1.871,-2.639,2.002,-2.871,1.967,-0.538,-1.813,-3.169,-2.467,2.056,-0.262,-0.562,0.833,0.083,0.667,0.75,0.25,0.083,0.333,0.083,0.25,0.083,-2.328
Colombia,73,0.73,2021,72.1,73.9,79.8,79.5,80.1,50.5,49.6,51.6,COL,15,2021,Electoral democracy,0.485,0.745,-0.84,-0.311,-0.268,0.881,0.62,0.555,0,0.143,0.571,0.857,0.143,0.429,1,0.286,0,0,0,0.714,0.857,0.544,0.752,-1.239,-0.574,0.882,-0.35,0.25,0.46,-1.989,-0.135,0.81,1.878,1.558,1,0.875,1,0.75,0.875,0.375,0.5,0.125,0.125,0,0.581
Comoros,27,0.27,NA,NA,NA,NA,NA,NA,NA,NA,NA,COM,153,2021,Electoral autocracy,0.113,0.632,-0.615,-0.481,-0.567,0.537,-0.243,0.112,0.5,0.333,0.833,0,0.167,0.167,0.167,0,0.167,0.333,0.667,0.167,0,0.902,0.816,-0.844,1.196,-0.305,1.741,-0.041,0.502,-0.412,-0.116,-1.731,-0.559,-0.504,0.833,0.5,0.5,0.5,0.167,0.167,0.167,0.167,0,0.167,-0.547
Costa Rica,83,0.83,2021,82.6,82.9,85.6,85.8,85.5,75.1,74.3,75.8,CRI,73,2021,Liberal democracy,0.85,0.951,2.543,2.668,2.467,2.757,2.5,-1.282,1,1,0.5,0,1,0,0,0,0,0,0.5,0,0,2.145,1.807,2.113,-1.357,1.192,-0.591,1.83,1.777,2.387,1.091,1.552,1.755,0.831,0.833,0.667,1,0.5,0.167,0,0,0,0,0,1.887
Croatia,81,0.81,2021,85.8,76.9,85.4,89.2,81.9,76.2,81.7,70.7,HRV,154,2021,Electoral democracy,0.65,0.822,2.849,1.777,1.38,1.402,1.328,-1.425,0.25,0,0.25,0,0.25,0.75,0,1,0,0,0.5,0,0,1.858,0.993,1.439,-1.479,1.767,-1.313,1.27,1.441,1.133,1.897,0.388,1.393,-0.829,1,0.5,0.833,0.333,0.167,0,0,0,0,0,1.078
Cuba,71,0.71,2021,NA,NA,NA,NA,NA,NA,NA,NA,CUB,155,2021,Closed autocracy,0.057,0.096,0.926,-2.05,-2.024,-2.691,-2.167,0.198,0.571,0.143,0.429,0.143,0.571,0,0.429,0.429,0,0,0,0,0,-2.326,-0.997,-3.118,2.178,-3.255,1.747,-1.366,-1.14,-2.156,-0.916,-1.882,-0.142,0.395,0.5,0.25,1,0,0.25,0,0.25,0,0,0,-2.536
Cyprus,91,0.91,2021,91.1,90.5,92.5,93.2,91.9,86.7,86.5,86.9,CYP,156,2021,Liberal democracy,0.648,0.842,3.317,1.957,2.064,2.225,2.409,-1.572,1,1,0,0,0,0,0,0,0,0,0,0,0,1.991,1.015,1.154,-1.939,1.976,-1.548,1.922,1.841,1.491,1.07,1.638,-0.812,0.56,0.833,0.5,0.833,0.5,0.333,0,0,0,0,0,1.469
Czechia,83,0.83,2021,84.4,81.1,84.8,86.6,83.2,79.2,80.8,77.5,CZE,157,2021,Electoral democracy,0.716,0.888,3.22,2.092,2.338,1.903,2.571,-1.379,0.333,0.222,0.444,0.111,0.333,0.556,0.222,0.556,0.111,0,0,0.111,0,1.694,2.053,0.556,-1.857,1.918,-1.774,1.908,1.947,1.201,1.623,2.16,2.286,2.206,1,0.778,1,0.333,0.111,0,0,0,0,0,2.555
Ivory Coast,45,0.45,NA,NA,NA,NA,NA,NA,NA,NA,NA,CIV,64,2021,Electoral autocracy,0.239,0.654,0.364,0.615,0.341,1.206,1.433,-0.706,0.4,0.4,0.6,0.6,0.6,0.2,0.6,0.2,0,0.2,0.4,0.2,0,1.132,0.717,-0.625,1.398,0.378,1.527,1.813,0.459,-1.672,0.228,-0.277,0.363,1.158,0.714,0.429,0.714,0.571,0,0.286,0,0,0,0.143,-0.58
Democratic Republic of the Congo,23,0.23,NA,NA,NA,NA,NA,NA,NA,NA,NA,COD,111,2021,Electoral autocracy,0.15,0.702,0.987,0.404,0.653,0.702,-0.908,0.643,0,0.571,0.571,0.571,0,0.286,0.143,0,0.286,0.286,0.286,0.286,0.286,-0.854,0.166,-0.284,-0.898,0.09,0.528,-1.497,-0.936,-0.516,-0.652,-0.887,-0.002,1.703,0.167,0.5,1,0.667,0.333,0.667,0.5,0,0.167,0,-0.62
Denmark,99,0.99,2021,98.5,99.3,99.2,99.1,99.2,98.7,98.1,99.3,DNK,158,2021,Liberal democracy,0.885,0.986,3.29,3.12,2.984,2.855,2.751,-2.356,0.5,0,1,0,0,0,0.5,0.5,0,0,0.5,0,0,2.095,3.766,2.692,-1.096,2.365,0.918,1.8,1.785,2.109,1.93,2.755,2.105,1.379,1,0.833,1,0.667,0,0,0,0,0,0.167,2.571
Djibouti,69,0.69,NA,NA,NA,NA,NA,NA,NA,NA,NA,DJI,113,2021,Electoral autocracy,0.125,0.35,-0.227,0.451,-0.179,0.278,0.092,0.296,0.333,0.333,0.667,0,0.333,0.167,0,0.167,0.167,0,0,0,0,-1.995,-0.718,-1.045,0.198,-0.72,-0.418,-0.493,-1.047,-0.91,-1.506,-2.085,-0.77,0.001,0.5,0.667,0.5,0.167,0.167,0.167,0,0.167,0,0,-1.123
Dominican Republic,85,0.85,2021,84.6,85.9,87.3,87.1,87.5,75,73.1,77.3,DOM,114,2021,Electoral democracy,0.465,0.938,2.048,2.452,2.375,1.768,2.802,-1.576,0.167,0.167,0.667,0,0.667,0.333,0.667,0.333,0,0,0,0.167,0,0.985,2.182,1.586,-0.71,2.341,1.208,1.742,1.765,1.307,1.983,1.12,0.673,1.053,0.667,0.5,0.833,0.167,0,0,0.167,0,0,0,2.584
Ecuador,76,0.76,NA,NA,NA,NA,NA,NA,NA,NA,NA,ECU,75,2021,Electoral democracy,0.449,0.786,2.505,2.689,2.742,1.132,-0.213,-0.542,0.286,0.571,0.143,0.143,0.571,0.143,0.571,0,0.286,0.143,0,0,0.143,-0.156,0.589,-0.317,-0.551,-0.262,-1.178,0.869,0.784,-0.525,-0.995,-0.418,0.911,1.073,0.4,0.6,1,1,0.6,0.2,0,0,0,0,0.296
Egypt,72,0.72,NA,NA,NA,NA,NA,NA,NA,NA,NA,EGY,13,2021,Electoral autocracy,0.118,0.152,-1.453,-2.102,-1.63,-1.367,-1.33,-1.416,0.4,0,0.6,0.6,0.2,0.4,0.6,0.2,0.6,0,0.8,0.2,0.2,-1.11,-0.963,-2.381,0.743,-2.347,0.889,-0.323,-0.677,-1.617,-1.216,-1.192,-0.44,-1.345,0.6,0.4,0.8,1,0.4,0,0,0.2,0,0,-2.322
El Salvador,63,0.63,NA,NA,NA,NA,NA,NA,NA,NA,NA,SLV,22,2021,Electoral autocracy,0.187,0.466,0.583,0.275,-0.162,0.77,0.568,-1.896,0.5,1,0,0,0,0,0.5,0.5,0,0,0,0,0,0.93,-0.464,-1.397,-1.311,1.735,-2.07,1.858,1.776,0.429,0.948,-0.024,0.647,0.834,0.75,1,1,0.25,0,0.25,0.5,0,0,0,0.291
Equatorial Guinea,54,0.54,NA,NA,NA,NA,NA,NA,NA,NA,NA,GNQ,160,2021,Electoral autocracy,0.053,0.123,-0.715,-0.812,-0.808,-1.383,-1.61,-1.042,0.333,0.667,0.333,0,0.667,0,0.333,0.333,0.333,0.333,0.333,0,0,-2.732,-2.005,-1.001,0.985,-1.302,1.277,-1.099,-2.078,-2.883,-1.672,-2.008,-0.761,-1.509,0.4,0.2,0,0,0,0,0,0,0,0.4,-2.654
Eritrea,22,0.22,NA,NA,NA,NA,NA,NA,NA,NA,NA,ERI,115,2021,Closed autocracy,0.01,0.051,-1.634,-1.538,-1.747,-1.692,-1.999,-1.364,0,0,0,1,0,0.5,0,0,1,0.5,0.5,0,0,-1.432,-2.374,-2.919,-1.402,-1.831,0.544,-1.927,-1.58,-1.502,-1.649,-1.962,-2.594,-2.2,0,0,0.167,0,0,0,0.167,0,0.333,0.667,-2.836
Estonia,91,0.91,2021,90.2,91.7,NA,NA,NA,NA,NA,NA,EST,161,2021,Liberal democracy,0.845,0.974,2.936,2.449,2.366,2.831,2.969,-2.1,1,0,1,0,0,0,0,1,1,1,0,0,0,1.952,2.945,1.938,0.852,2.195,1.053,1.712,1.741,1.495,1.863,1.686,1.225,0.981,1,0.6,1,0.4,0,0,0,0,0,0,2.449
Eswatini,59,0.59,NA,NA,NA,NA,NA,NA,NA,NA,NA,SWZ,132,2021,Closed autocracy,0.096,0.12,-0.976,-2.012,-2.176,-2.124,-1.961,0.56,0.625,0.25,1,0.125,0.5,0,0,0.125,0.125,0,0.25,0,0,-2.379,-0.641,-0.798,-0.091,-0.182,0.117,-1.9,-1.831,-1.916,-1.403,0.058,0.927,-0.158,0.75,0.25,1,1,0.5,0.25,0.25,0,0,0,-1.487
Ethiopia,17,0.17,2021,19.7,13.7,42.4,49.5,36.1,9.1,11.5,6.7,ETH,38,2021,Electoral autocracy,0.144,0.394,-0.076,0.069,0.182,1.055,0.353,0.558,0.333,0.111,0.667,0.111,0.444,0.111,0,0,0.667,0.556,0.333,0.111,0,-0.934,-0.332,-1.581,-0.522,-2.5,0.306,-2.286,-2.59,-0.994,-1.595,1.531,0.11,0.446,0.333,0.333,0.5,0.5,0.5,0.833,0.5,0.333,0.167,0,-1.142
Fiji,88,0.88,NA,NA,NA,NA,NA,NA,NA,NA,NA,FJI,162,2021,Electoral autocracy,0.27,0.489,1.985,0.152,0.07,1.107,0.851,-0.734,0.4,0.2,0.4,0,1,0.2,0,0,0.8,0.2,0.8,0,0,-0.261,0.017,0.66,-0.699,0.617,-1.072,0.958,0.891,-0.41,-0.061,-0.231,-0.688,0.114,1,0.5,0.5,0.25,0,0,0,0,0,0.25,0.619
Finland,93,0.93,2021,93.9,91.7,NA,NA,NA,NA,NA,NA,FIN,163,2021,Liberal democracy,0.828,0.962,3.153,2.512,2.882,1.5,2.537,-1.267,0,0.4,0.6,0,0,0.6,0.2,1,0.2,0,0,0,0,1.977,3.201,2.681,-0.653,2.292,-1.296,1.732,1.752,1.853,1.888,2.156,1.669,1.842,1,0.5,0.667,0.333,0,0,0,0,0,0,2.523
France,86,0.86,2021,86.7,85.5,86.6,87.4,85.8,84.4,84.4,84.4,FRA,76,2021,Liberal democracy,0.791,0.97,2.732,2.368,2.363,1.444,1.404,0.067,0.333,0.333,0.667,0,0.333,0.333,0.5,0.667,0,0.167,0.5,0,0,0.886,2.788,1.09,1.202,1.232,-0.68,1.194,1.198,1.158,0.477,1.177,1.77,-0.091,1,0.333,1,0.833,0.333,0.167,0.167,0,0,0,1.221
Gabon,72,0.72,NA,NA,NA,NA,NA,NA,NA,NA,NA,GAB,116,2021,Electoral autocracy,0.206,0.76,2.335,1.571,1.28,1.188,0.947,1.881,0.8,0.6,0.2,0,0.8,0,0.2,0.2,0,0,0,0,0,0.801,1.078,-1.046,0.693,0.344,1.504,-1.754,-0.937,-0.05,0.129,-0.839,1.083,0.687,0.6,0,0.8,1,0,0,0,0,0,0,-2.017
The Gambia,33,0.33,NA,NA,NA,NA,NA,NA,NA,NA,NA,GMB,117,2021,Electoral democracy,0.419,0.735,2.696,1.276,1.318,1.693,2.239,-1.743,0.5,0.5,0,0,1,0,0.25,0,0,0,0.25,0,0,0.887,0.73,0.698,0.534,1.058,1.044,1.363,1.626,1.204,1.295,-0.274,0.163,0.665,0.625,0.75,0.625,0.375,0.125,0,0,0,0,0,0.509
Georgia,76,0.76,2021,76.8,76.1,83.2,83.7,82.8,66.4,67.5,65.3,GEO,118,2021,Electoral democracy,0.497,0.872,2.145,1.492,1.735,2.595,1.862,-0.506,0.333,0.333,0.222,0.111,0.556,0.111,0,0.222,0,0,0.111,0,0,1.93,1.378,-0.776,0.522,1.19,-0.846,1.957,1.888,-0.089,1.043,0.887,1.386,1.47,0.8,0.4,1,0,0,0,0,0,0,0,1.233
Germany,91,0.91,2021,92.3,90.6,92.8,93.4,92.1,NA,NA,NA,DEU,77,2021,Liberal democracy,0.823,0.949,3.297,2.991,2.731,1.118,3.087,-0.704,0.4,0.4,0.4,0,0,0.4,0,0.8,0,0,0,0,0,0.902,2.336,2.148,0.766,1.301,-0.182,1.844,1.354,0.705,0.66,1.659,1.899,1.124,0.333,0.5,1,0.333,0.167,0,0.167,0.167,0,0.167,2.107
Ghana,68,0.68,NA,NA,NA,NA,NA,NA,NA,NA,NA,GHA,7,2021,Electoral democracy,0.56,0.84,1.688,1.536,0.932,2.314,2.701,-0.379,0,0.333,0.5,0.167,0.667,0,0.333,0,0.333,0.333,0,0.167,0,1.747,0.447,1.275,2.413,1.195,1.49,1.336,1.714,0.952,1.86,-0.433,0.744,0.818,0.8,0.8,1,0.6,0,0,0,0,0,0,0.818
Greece,78,0.78,2021,79.2,77.9,NA,NA,NA,NA,NA,NA,GRC,164,2021,Liberal democracy,0.655,0.826,2.008,1.981,2.052,2.481,2.385,-0.475,0,0,0.4,0.2,0,0.2,0.8,0.4,0,0,0,0,0,0.804,0.9,0.923,0.271,1.901,-0.119,1.794,1.75,1.505,1.681,2.425,-0.153,-0.57,1,0.5,1,0.5,0.5,0,0,0,0,0,2.445
Guatemala,51,0.51,2021,53.4,48.6,NA,NA,NA,NA,NA,NA,GTM,78,2021,Electoral autocracy,0.313,0.686,0.618,1.042,0.884,0.864,0.34,-0.63,0.5,1,0.25,0.25,0.5,0,1,0.25,0.5,0.25,0,0,0,0.754,0.196,-1.424,-0.959,1.495,-1.317,1.742,1.787,0.308,2.15,-1.345,0.539,-0.068,0.667,0.5,1,0.333,0.167,0,0,0,0,0,1.01
Guinea,35,0.35,NA,NA,NA,NA,NA,NA,NA,NA,NA,GIN,63,2021,Electoral autocracy,0.103,0.651,-1.008,-1.343,-0.687,0.3,-0.285,2.393,0.4,0.4,0.6,0,0.4,0.2,0,0.2,0.2,0,0,0,0,-1.224,0.147,-1.042,-0.241,-0.854,0.401,-1.528,-0.505,0.087,-2.303,-0.604,0.49,1.339,0.25,0.5,1,0.5,0.75,0,0,0,0.25,0,-1.983
Guinea-Bissau,35,0.35,NA,NA,NA,NA,NA,NA,NA,NA,NA,GNB,119,2021,Electoral democracy,0.329,0.675,1.643,1.365,1.111,0.767,0.5,-1.129,0,0,1,0,0,1,0,0,0,0,0,0,1,0.871,0.156,0.435,-1.27,0.548,-0.792,-0.174,0.259,0.228,0.777,-1,-0.183,-1.315,0.5,0.25,0.5,0.25,0,0,0.25,0,0,0,-0.002
Guyana,85,0.85,NA,NA,NA,NA,NA,NA,NA,NA,NA,GUY,166,2021,Electoral democracy,0.37,0.817,2.079,1.955,1.634,2.237,1.337,-1.649,0.5,0,0.5,0,0.5,0,0.5,0.5,0.5,0,0,0,0,1.604,1.476,-0.788,-0.164,1.403,-0.108,1.714,1.171,-0.24,0.668,-0.483,0.369,1.225,1,0.5,0.5,0.5,0,0,0,0,0,0,0.777
Haiti,39,0.39,NA,NA,NA,NA,NA,NA,NA,NA,NA,HTI,26,2021,Electoral autocracy,0.214,0.706,0.378,1.072,1.247,1.213,0.266,1.158,0.25,0,0,0.25,0.75,0,0.25,0,0,0.25,0.25,0.5,0.25,1.009,0.144,-1.709,-2.436,1.424,-1.021,0.503,1.653,1.07,1.835,-0.87,-0.306,-0.402,0.25,0.25,1,0.5,0.25,0.25,0,0,0,0,-0.274
Honduras,48,0.48,NA,NA,NA,NA,NA,NA,NA,NA,NA,HND,27,2021,Electoral autocracy,0.252,0.73,0.305,1.746,1.764,2.28,1.735,0.058,1,0.5,0.5,0.25,1,0,0.75,0,0.5,0,0,0,0.25,1.295,0.229,-0.852,-0.592,0.416,0.764,1.75,1.691,-0.416,0.527,-1.032,1.308,0.787,1,1,1,0.6,0.4,0.2,0.2,0,0,0.2,1.795
Hong Kong,93,0.93,2021,94.4,91.9,NA,NA,NA,NA,NA,NA,HKG,167,2021,Closed autocracy,0.153,0.263,2.492,-0.3,-0.167,-0.949,-1.286,-0.817,0.143,0.143,0.714,0,0.143,0.143,0,0.143,0,0.286,0,0,0,-0.649,-1.747,-2.73,-0.88,-0.813,-0.215,0.564,0.753,-0.062,-1.846,1.384,-0.59,0.697,1,0.5,0,0,0,0,0,0,0,0,-1.344
Hungary,89,0.89,2021,88.9,88.4,91,91.6,90.4,83.4,83.1,83.6,HUN,210,2021,Electoral autocracy,0.35,0.526,3.141,1.727,1.727,0.356,0.055,-0.307,0.857,0.286,0.143,0,0.714,0.143,0.429,0.286,0,0,0,0,0,1.849,0.557,-1.051,0.452,1.145,-0.019,1.838,1.869,0.506,1.099,0.236,1.024,0.844,1,0.667,1,0.333,0,0,0,0,0,0,1.641
Iceland,100,1,2021,99.7,99.7,NA,NA,NA,NA,NA,NA,ISL,168,2021,Liberal democracy,0.743,0.925,3.246,2.125,2.113,1.861,2.853,-1.52,1,1,0.333,0,1,0,1,1,0,0,0,0,0,1.968,1.388,1.795,1.866,1.969,1.997,1.531,1.492,2.484,1.748,2.582,2.045,0.271,1,0.667,0.667,0.333,0,0,0,0,0,0,2.285
India,46,0.46,NA,NA,NA,NA,NA,NA,NA,NA,NA,IND,39,2021,Electoral autocracy,0.332,0.552,0.367,0.745,0.692,-0.346,-1.161,0.129,0.5,0.5,0.5,0.5,0.25,0.375,0.75,0.25,0.375,0.5,0.375,0.125,0.125,-0.587,-0.284,-1.095,1.642,-1.428,1.612,-1.972,-1.353,-0.94,-0.809,0.934,1.928,1.156,0.727,0.455,0.909,0.818,0.818,0.364,0.818,0.455,0.636,0.091,-0.932
Indonesia,62,0.62,2021,65,59.1,71.8,74.2,69.3,49.3,52.6,46.1,IDN,56,2021,Electoral democracy,0.413,0.773,1.252,1.273,1.248,0.778,0.632,0.182,0.2,0,0.2,0.2,0.4,0,0,0.4,0.2,0.6,0.8,0,0,0.348,0.354,-0.028,1.843,0.016,-0.279,0.238,0.27,-0.884,0.288,2.113,0.89,1.584,0.6,0.6,1,0.8,0.2,0,0.4,0.2,0,0,0.734
Iran,79,0.79,2021,79.5,77.7,82.6,83.2,82,65.7,67.5,63.8,IRN,79,2021,Closed autocracy,0.116,0.264,-0.677,-0.332,-0.563,-1.44,-1.636,-1.187,0.2,0.4,0.2,0.6,0.2,0,0.6,0.2,0.6,0.6,0.4,0.2,0,-1.848,-1.29,-2.193,2.311,-2.393,0.762,-1.381,-2.391,-1.858,-1.725,-1.052,0.777,0.954,0.714,1,1,0.429,0.286,0.143,0,0.286,0.143,0.143,-1.254
Iraq,49,0.49,NA,NA,NA,NA,NA,NA,NA,NA,NA,IRQ,80,2021,Electoral autocracy,0.218,0.55,-0.882,-0.373,-0.873,-0.027,0.287,0.485,0.2,0.4,0.6,0.2,0.2,0.4,0,0.2,0.4,0.6,0.6,0.6,0.4,-0.038,-1.004,-2.235,0.626,0.257,0.026,-0.185,0.123,-0.092,0.047,0.845,2.176,1.653,0.333,0.667,1,1,0.333,0.333,0.333,0.333,0,0,0.039
Ireland,95,0.95,NA,NA,NA,NA,NA,NA,NA,NA,NA,IRL,81,2021,Liberal democracy,0.832,0.976,2.932,2.94,2.893,2.247,3.044,-1.167,1,0.667,0.333,0,0.667,0,0.333,0.333,0,0,0,0.333,0.333,2.03,2.835,1.82,-0.71,2.391,-1.622,1.758,0.888,1.207,2.083,1.1,1.204,2.153,0.8,1,0.8,0.4,0,0,0.2,0,0,0,1.199
Israel,90,0.9,2021,91,89.7,90,90.6,89.5,93.8,95.4,92.1,ISR,169,2021,Liberal democracy,0.651,0.863,1.894,2.06,2.136,0.987,1.437,-0.503,0.75,0.5,0,0,0.5,0.25,0.25,0.5,0.25,0.5,0.75,0,0,1.061,1.622,0.382,-0.655,0.303,-0.417,0.831,1.356,-1.052,0.4,2.21,2.233,2.091,1,0.75,1,0.5,0.25,0,0,0,0,0,1.335
Italy,75,0.75,2021,78.1,71.8,NA,NA,NA,NA,NA,NA,ITA,82,2021,Liberal democracy,0.768,0.93,2.552,2.674,2.845,1.857,2.735,-1.292,0.667,0.667,0.333,0,0.333,0.333,0.667,0.667,0.333,0.333,0.333,0,0,2.015,2.522,1.679,0.687,1.569,-0.981,1.038,1.88,2.311,1.976,1.583,1.472,1.827,0.8,0.6,1,0.4,0.2,0,0,0,0,0,2.584
Jamaica,82,0.82,2021,79.5,85.1,86.8,84.2,89.2,76.8,73.9,79.7,JAM,120,2021,Electoral democracy,0.693,0.933,0.996,2.605,2.67,2.663,2.383,-2.485,0,1,1,0,0,0,0,0,0,0,0,0,0,2.07,1.582,2.109,-1.852,2.148,-2.587,1.643,1.705,0.094,1.854,-0.002,-0.89,0.948,0.75,1,0.75,0.75,0.25,0,0,0,0,0.25,0.779
Japan,83,0.83,2021,86.3,79.8,86.5,89.4,83.9,80.7,84.3,77.2,JPN,9,2021,Liberal democracy,0.739,0.876,3.118,2.244,1.521,2.989,2.941,-2.042,NA,NA,NA,NA,NA,NA,NA,NA,NA,NA,NA,NA,NA,1.963,1.779,0.797,0.859,1.884,-0.39,1.813,1.896,1.624,1.711,1.936,0.334,-0.37,1,0.75,0.75,0,0,0,0,0,0,0,2.243
Jordan,83,0.83,NA,NA,NA,NA,NA,NA,NA,NA,NA,JOR,83,2021,Closed autocracy,0.255,0.556,1.099,0.591,0.894,0.254,0.16,-1.864,0.5,0.5,0,0,0,0,0.5,0,0,0,0.5,0,0,-0.167,-0.009,-1.311,2.174,-0.911,2.068,0.308,0.448,-1.024,-0.942,0.227,-1.357,-1.022,0.667,0.667,0.667,0.5,0,0,0.167,0,0,0,0.067
Kazakhstan,91,0.91,2021,91.9,90,92.3,93.3,91.4,89,90,87.9,KAZ,121,2021,Electoral autocracy,0.127,0.339,1.145,0.095,0.135,-0.448,-0.098,-0.846,0.167,0,0.5,0,0.333,0.333,0,0,0.5,0.167,0.667,0,0,-1.112,-0.063,-1.622,1.913,-1.593,2.119,-1.105,-1.405,-0.839,-1.212,0.034,0.146,0.1,0.429,0.286,0.857,0.571,0.286,0.143,0,0,0,0,-0.863
Kenya,29,0.29,NA,NA,NA,NA,NA,NA,NA,NA,NA,KEN,40,2021,Electoral autocracy,0.403,0.874,0.412,2.026,1.333,2.152,0.854,-0.943,0.5,0.667,0.667,0,0.333,0.167,0,0,0.333,0,0.167,0.167,0,1.053,0.869,-0.562,1.221,0.855,0.386,1.355,1.294,-0.535,0.302,0.976,-0.276,-0.33,0.571,1,0.857,0.571,0.143,0,0.143,0,0.143,0,0.325
South Korea,98,0.98,2021,98.2,96.9,98,98.5,97.5,96.2,97.2,95.3,KOR,42,2021,Liberal democracy,0.788,0.956,2.669,2.663,2.68,1.152,2.609,-1.248,0.6,0.8,0.4,0,0.6,0.6,0.8,1,0,0,0.2,0,0,0.145,2.399,1.91,1.643,1.252,1.204,1.957,1.204,1.566,1.709,2.617,2.751,2.321,1,1,1,1,0.125,0,0,0,0,0,2.376
Kuwait,100,1,2021,99.6,99.9,NA,NA,NA,NA,NA,NA,KWT,171,2021,Closed autocracy,0.29,0.634,1.78,0.28,0.093,-0.147,0.298,-1.374,0.6,0.6,0.4,0,0.2,0,0,0.2,0.2,0,0.2,0,0,-0.486,0.584,-0.605,1.665,-0.4,2.141,0.994,1.481,-0.804,-0.982,1.293,0.38,-0.956,0.833,0.833,0.333,0,0.167,0.167,0,0,0,0,-0.343
Kyrgyzstan,78,0.78,NA,NA,NA,NA,NA,NA,NA,NA,NA,KGZ,122,2021,Electoral autocracy,0.257,0.642,2.126,0.813,0.62,0.607,0.292,0.489,0.444,0.333,0.444,0,0.667,0.222,0,0,0,0,0.333,0,0,0.362,0.338,-0.567,-0.717,0.359,0.715,1.417,1.126,0.358,0.54,0.385,1.58,0.172,0.667,0.833,1,0,0.167,0.167,0,0,0,0.167,-0.349
Laos,62,0.62,NA,NA,NA,NA,NA,NA,NA,NA,NA,LAO,123,2021,Closed autocracy,0.099,0.042,-1.779,-2.589,-2.122,-1.394,-1.073,-1.642,0.333,0,0,0.667,0.333,0,0,0.333,1,0,0.333,0,0,-1.407,-2.445,-0.728,-0.744,-0.972,-1.019,0.925,0.766,-1.458,-1.072,-1.329,-2.225,-1.264,0.2,0.4,0.4,0.2,0,0,0,0,0,0.4,-2.028
Latvia,91,0.91,2021,90.5,91.8,92.3,NA,NA,89,NA,NA,LVA,84,2021,Liberal democracy,0.735,0.952,2.421,2.81,2.763,2.533,2.652,-0.449,0.5,0.5,0.5,0,0.5,0,0.5,0,0.25,0,0,0,0,1.733,1.858,2.848,-0.47,2.123,-2.072,1.811,1.759,1.859,2.052,1.335,1.644,1.981,1,0.571,0.714,0.286,0,0,0,0,0,0,2.481
Lebanon,87,0.87,NA,NA,NA,NA,NA,NA,NA,NA,NA,LBN,44,2021,Electoral autocracy,0.265,0.737,0.567,0.938,0.663,1.534,0.852,0.947,0.444,0.444,0.556,0.333,0.556,0.222,0.556,0.222,0.111,0.111,0.556,0.333,0.333,0.658,0.368,-1.429,0.822,0.259,0.461,-0.611,-0.582,-0.833,-0.906,1.464,2.88,1.5,0.778,0.556,1,0.667,0.333,0.222,0.222,0.222,0,0,-1.107
Lesotho,48,0.48,NA,NA,NA,NA,NA,NA,NA,NA,NA,LSO,85,2021,Electoral democracy,0.505,0.78,0.989,1.659,1.36,1.775,1.135,-1.314,0.25,0.25,0.25,0.25,0.5,0,0,0,0,0,0.25,0,0,1.147,0.135,-0.305,-1.255,0.655,-0.888,1.176,1.071,-0.164,0.109,-0.617,1.163,1.548,0.625,0.625,0.625,0.5,0.25,0.25,0,0.125,0.125,0.125,0.477
Liberia,34,0.34,NA,NA,NA,NA,NA,NA,NA,NA,NA,LBR,86,2021,Electoral democracy,0.461,0.853,1.391,2.251,2.221,2.648,1.924,-0.173,0.5,0.25,0.25,0,0.75,0,0,0,0,0,0,0,0,0.483,0.782,-0.668,0.221,0.716,1.383,0.313,0.761,0.879,0.482,1.225,1.759,0.437,0.5,1,0.75,0,0.25,0,0.25,0,0,0,-0.364
Lithuania,87,0.87,2021,86.5,87.3,88.5,88.8,88.3,83.7,82.5,85,LTU,173,2021,Electoral democracy,0.738,0.929,2.883,1.425,1.316,1.436,2.217,-1.147,0.4,0.2,0.6,0,0.2,0.2,0.2,0.4,0,0,0.2,0,0,1.982,2.447,1.916,-0.319,2.51,-1.961,1.773,1.838,2.004,2.036,1.702,0.447,-0.534,0.714,0.571,0.857,0.714,0.056,0,0,0,0,0,2.081
Luxembourg,99,0.99,2021,99.1,98.3,98.7,98.9,98.5,98.6,99.3,97.9,LUX,174,2021,Liberal democracy,0.794,0.962,2.39,2.851,2.052,2.856,2.825,-2.726,0,1,0,0,1,0,0,0,0,0,0,0,0,1.808,2.04,1.263,0.968,2.439,0.663,1.794,1.77,1.644,1.911,1.685,-0.119,-1.815,0.75,0.25,0.75,0.5,0.25,0,0,0,0,0,1.688
Madagascar,20,0.2,NA,NA,NA,NA,NA,NA,NA,NA,NA,MDG,125,2021,Electoral autocracy,0.26,0.706,0.816,0.601,0.929,2.818,1.955,0.832,0.667,0.167,0.5,0,0.667,0.167,0.333,0.5,0.167,0,0.167,0,0,0.53,0.37,-0.596,-1.004,1.138,0.277,0.835,1.151,-0.264,0.859,-1.92,-0.092,1.296,0.8,0.6,0.8,0.4,0.2,0,0,0,0,0,-0.255
Malawi,24,0.24,NA,NA,NA,NA,NA,NA,NA,NA,NA,MWI,87,2021,Electoral democracy,0.536,0.825,1.637,1.805,1.013,1.356,1.415,-1.633,0.333,0,0.667,0.333,0.667,0,0,0,0,0,0.333,0,0,1.045,1,0.027,-0.633,1.455,-0.127,1.017,1.9,-0.259,0.73,-0.588,-0.42,0.03,0.375,0.625,0.875,0.5,0.5,0.125,0,0,0,0.25,0.598
Malaysia,97,0.97,2021,97.2,96.3,97.7,98,97.3,93.5,94.2,92.6,MYS,177,2021,Electoral autocracy,0.29,0.545,2.498,0.173,0.845,0.919,0.85,1.35,0.6,0,0.6,0,0.6,0.4,0.2,0.4,0.2,0.2,0.4,0,0,0.186,0.426,0.167,0.975,0.5,1.029,1.306,0.587,-0.264,0.097,1.501,1.593,2.029,1,0.6,1,0.2,0,0,0,0,0,0,-0.297
Maldives,86,0.86,NA,NA,NA,NA,NA,NA,NA,NA,NA,MDV,88,2021,Electoral democracy,0.441,0.83,1.855,1.841,1.483,0.123,0.669,0.112,0,0.167,0.167,0.167,0.167,0.167,0,0.167,0.167,0.167,0.833,0,0.167,-0.277,1.881,1.075,1.419,-0.147,0.82,0.438,0.158,-0.278,0.352,0.02,0.901,1.837,0.4,0.6,1,0.8,0.2,0,0.2,0,0,0,0.093
Mali,34,0.34,NA,NA,NA,NA,NA,NA,NA,NA,NA,MLI,28,2021,Closed autocracy,0.161,0.802,1.284,1.207,1.088,1.134,0.32,0.527,0,0,0.5,1,0.5,0.5,0.5,0,0.5,0.5,1,0,0.5,-0.178,0.925,1.127,-0.158,-0.296,0.927,-1.309,-1.21,-0.625,-0.148,-1.502,0.347,0.532,0.4,0,0.8,0.4,0,0.2,0.2,0.2,0,0.2,-1.212
Malta,87,0.87,2021,87.2,87.8,87.8,87.7,88,73.3,69.8,78.1,MLT,178,2021,Electoral democracy,0.64,0.834,2.264,1.746,1.799,2.645,2.022,-1.916,1,0.5,0.5,0,0.5,0,0.5,0.5,0,0,0,0,0,1.933,0.555,-0.584,-0.99,1.444,-1.067,1.652,1.686,-0.009,1.815,1.091,1.569,1.839,0.5,0.75,0.5,0.5,0,0,0,0,0,0,1.605
Mauritania,59,0.59,NA,NA,NA,NA,NA,NA,NA,NA,NA,MRT,65,2021,Electoral autocracy,0.167,0.661,1.697,0.967,0.86,0.695,0.724,-0.027,0.333,0.667,0.667,0,1,0.333,0.333,0,0.667,0,0.667,0,0,0.385,0.382,-0.379,0.143,0.187,1.541,0.644,0.456,-1.481,-0.226,-0.625,1.195,1.328,0.75,1,0.75,0.25,0,0,0,0,0,0,-1.128
Mauritius,68,0.68,NA,NA,NA,NA,NA,NA,NA,NA,NA,MUS,180,2021,Electoral democracy,0.435,0.762,0.871,0.839,1.413,1.643,1.132,1.491,0.833,0.667,0.333,0.167,0.667,0,0.333,0,0.333,0.167,0.333,0,0,0.694,0.495,-0.789,1.798,0.236,0.439,1.226,0.894,-1.299,-0.569,1.944,1.095,1.84,0.714,0.286,0.857,0.714,0.143,0.143,0,0,0,0.143,-1.023
Mexico,76,0.76,2021,76.5,74.8,81.6,82.6,80.7,56.5,56.9,56,MEX,3,2021,Electoral democracy,0.371,0.767,0.7,1.681,0.972,1.185,0.766,-1.557,0.167,0.167,0.5,0,0.167,0,0.167,0,0,0,0,0,0.333,1.847,0.004,-1.536,-0.311,2.245,-1.579,1.791,1.852,0.4,0.925,0.455,1.397,-1.243,1,0.833,0.833,0,0.167,0,0,0,0,0.167,0.954
Moldova,61,0.61,NA,NA,NA,NA,NA,NA,NA,NA,NA,MDA,126,2021,Electoral democracy,0.616,0.894,1.797,1.835,1.653,1.637,2.112,0.901,0.5,0.25,0.25,0,0.75,0.25,0,0.25,0,0.25,0,0,0,1.039,1.766,1.697,0.594,0.551,-0.68,1.725,1.672,1.126,1.729,0.728,1.11,0.129,0.8,0.6,0.8,0.2,0,0,0,0,0,0,1.328
Mongolia,84,0.84,2021,85.1,83.6,NA,NA,NA,NA,NA,NA,MNG,89,2021,Electoral democracy,0.491,0.847,3.005,2.872,2.723,1.548,0.699,-2.25,0.5,1,0.5,0,1,0,0,0,0,0.5,0,0,0,0.737,1.02,0.58,0.317,1.479,-0.838,1.625,1.851,1.393,1.151,0.552,1.492,0.34,0.6,0.8,1,0.4,0.2,0,0,0,0,0,0.911
Montenegro,82,0.82,2021,82.7,81.7,NA,NA,NA,NA,NA,NA,MNE,183,2021,Electoral democracy,0.41,0.78,2.319,2.074,1.509,2.004,1.404,-0.809,0.6,0,0.2,0.2,0.4,0.2,0,0.2,0.2,0,0,0,0,1.423,0.721,-0.502,-0.567,1.866,-1.742,1.694,1.484,-0.266,0.987,1.029,0.321,0.053,0.8,0.6,1,0.4,0,0,0,0,0,0.2,0.677
Morocco,88,0.88,2021,89.9,86.4,NA,NA,NA,NA,NA,NA,MAR,90,2021,Closed autocracy,0.24,0.604,1.726,-0.033,0.97,-0.123,-0.541,0.054,0.667,0.333,0.667,0,0.667,0,0,0,0,0,0.333,0,0,0.775,0.698,-0.843,1.012,-0.665,0.255,-1.056,-1.242,-0.89,-0.689,0.262,0.524,-0.009,0.6,0.8,0.8,0.4,0,0.2,0.2,0,0,0,-1.001
Mozambique,17,0.17,NA,NA,NA,NA,NA,NA,NA,NA,NA,MOZ,57,2021,Electoral autocracy,0.237,0.638,0.032,0.582,0.351,1.206,0.397,-0.155,0.4,0.6,0.6,0.4,0.6,0.2,0,0,0,0.4,0.4,0.2,0.2,0.809,0.296,-0.485,-0.725,1.155,1.313,1.836,1.803,0.521,0.926,-0.405,-0.554,0.386,0.429,0.429,0.429,0.143,0,0.143,0.143,0.571,0,0.143,0.536
Burma/Myanmar,44,0.44,NA,NA,NA,NA,NA,NA,NA,NA,NA,MMR,10,2021,Closed autocracy,0.05,0.077,-1.861,-2.137,-2.46,-1.379,-1.317,3.172,0.25,0,0.5,0.75,0.75,0.25,0,0,0.5,0,0.25,0,0.25,-2.061,-1.534,-2.988,1.757,-1.344,1.991,-2.556,-2.945,-2.188,-2.963,-0.442,1.083,0.945,0.5,0,0.833,0.5,0,0.5,0,0,0,0,-2.92
Namibia,53,0.53,NA,NA,NA,NA,NA,NA,NA,NA,NA,NAM,127,2021,Electoral democracy,0.513,0.847,2.395,1.485,1.503,2.534,2.477,-0.756,0.25,0.5,0.75,0,0.5,0,0.5,0,0,0.25,0,0,0,1.433,1.02,0.216,0.393,1.873,2.131,1.341,1.752,-0.249,1.272,-0.022,1.004,1.508,0.75,0.75,1,0.5,0,0,0,0,0,0,1.187
Nepal,52,0.52,NA,NA,NA,NA,NA,NA,NA,NA,NA,NPL,58,2021,Electoral democracy,0.478,0.774,0.838,1.309,1.33,1.605,1.308,-0.438,0.4,0.4,0.3,0.2,0.5,0.2,0.3,0,0.4,0.4,0.4,0.1,0.2,0.703,1.265,-0.904,0.571,-0.348,-0.229,-0.255,-0.384,-0.21,-1.15,-0.308,0.402,0.151,0.625,0.625,0.875,0.75,0.5,0.125,0.375,0.125,0,0,-0.522
Netherlands,92,0.92,2021,92,92.1,NA,NA,NA,NA,NA,NA,NLD,91,2021,Liberal democracy,0.81,0.933,2.501,2.234,1.832,1.998,2.528,-0.663,0.25,1,0.5,0,0.5,0.5,0,0.75,0.25,0,0.25,0,0.25,2.057,1.784,1.746,-0.151,2.307,-1.025,1.828,1.903,1.167,2.151,2.485,2.388,2.219,1,0.833,1,0.5,0.5,0.167,0.167,0,0,0,1.636
New Zealand,96,0.96,NA,NA,NA,NA,NA,NA,NA,NA,NA,NZL,185,2021,Liberal democracy,0.827,0.939,3.251,2.979,3.032,2.561,2.602,-1.355,0.5,0.5,1,0.5,0.5,0,0.5,0,0.5,0,0,0,0,1.96,2.127,2.098,0.767,1.105,0.7,1.74,1.777,0.634,1.516,1.899,1.41,3.157,0.8,1,0.8,0.4,0.2,0,0,0,0,0.2,2.483
Nicaragua,57,0.57,NA,NA,NA,NA,NA,NA,NA,NA,NA,NIC,59,2021,Electoral autocracy,0.037,0.197,-1.361,-2.679,-1.909,-1.987,-2.247,0.109,0.143,0.143,0.286,0,0.857,0.143,0.143,0.143,0.143,0,0.143,0,0,-2.478,-1.436,-3.275,2.148,-3.159,0.286,-1.224,-1.594,-2.273,-2.309,-0.61,0.864,-0.264,0.25,0.5,0.75,0.25,0.5,0.25,0,0,0,0,-2.57
Niger,22,0.22,NA,NA,NA,NA,NA,NA,NA,NA,NA,NER,60,2021,Electoral democracy,0.398,0.798,1.563,1.288,1.569,1.567,1.256,0.349,0.5,0.5,0.167,0.167,0.333,0.167,0,0,0,0,0.167,0,0.167,0.222,1.138,-0.711,-0.889,-0.549,0.291,-0.454,-0.7,0.415,0.06,-0.015,-0.467,0.353,0.5,0.5,0.667,0.333,0.167,0.167,0.167,0.167,0,0,-1.006
Nigeria,55,0.55,NA,NA,NA,NA,NA,NA,NA,NA,NA,NGA,45,2021,Electoral autocracy,0.329,0.801,-0.514,1.276,1.376,1.415,0.523,1.874,0.357,0.071,0.286,0.429,0.429,0.214,0,0,0.429,0.5,0.357,0.214,0.286,0.178,0.236,0.375,0.372,-0.711,-0.374,1.015,0.562,-0.895,0.317,1.737,1.367,0.56,0.7,0.9,0.8,0.5,0.3,0.2,0.1,0.2,0,0,-1.115
North Macedonia,83,0.83,NA,NA,NA,NA,NA,NA,NA,NA,NA,MKD,176,2021,Electoral democracy,0.389,0.75,2.275,0.986,1.109,1.677,2.505,-0.9,0.5,0.5,0.125,0,0.5,0.375,0.375,0.125,0.375,0.25,0.125,0,0,1.711,0.853,-0.189,-0.754,0.637,-0.785,1.636,1.748,-0.491,0.836,0.687,0.659,0.644,0.9,1,0.9,0.7,0.3,0.1,0.1,0.1,0,0,1.153
Norway,99,0.99,2021,99,99,NA,NA,NA,NA,NA,NA,NOR,186,2021,Liberal democracy,0.86,0.973,3.237,2.315,1.572,2.974,2.779,-2.166,0.5,0.5,0.5,0,0.5,0.5,0.5,1,0,0,0,0,0,2.002,2.963,2.597,-0.819,2.383,-0.893,1.579,1.881,2.073,2.016,2.084,1.309,1.545,1,1,0.667,0.333,0,0,0,0,0,0,2.629
Oman,96,0.96,NA,NA,NA,NA,NA,NA,NA,NA,NA,OMN,187,2021,Closed autocracy,0.138,0.141,1.327,-0.634,-0.866,-1.145,-0.984,-1.23,0.75,0.5,0.25,0,1,0,0.25,0.25,0.5,0,0.5,0,0,-1.714,-1.198,-0.277,0.98,-2.094,1.236,-0.55,-0.59,-1.788,-1.357,0.144,-0.654,-2.269,0.6,0.2,0.4,0.4,0,0,0,0,0,0.2,-1.693
Pakistan,21,0.21,NA,NA,NA,NA,NA,NA,NA,NA,NA,PAK,29,2021,Electoral autocracy,0.266,0.656,-0.093,0.462,0.589,1.093,0.235,-0.064,0.143,0.571,0.571,0.143,0.286,0,0.143,0.571,0.286,0.143,0.429,0,0,-1.153,-0.971,-1.18,0.92,-1.348,1.805,-0.341,0.041,-1.299,-0.491,-0.367,-0.192,0.765,0.5,0.625,0.875,0.5,0.375,0,0.5,0,0.125,0.125,-0.242
Panama,68,0.68,NA,NA,NA,NA,NA,NA,NA,NA,NA,PAN,92,2021,Electoral democracy,0.552,0.809,2.545,2.233,1.827,1.642,1.709,-1.012,0.667,0.333,1,0,0.667,0,0.333,0,0,0,0,0,0,1.983,1.222,0.98,-0.137,0.923,-0.738,1.76,1.772,1.338,1.504,2.604,1.523,0.137,0.667,0.833,0.833,0.5,0,0,0,0,0,0,1.644
Papua New Guinea,32,0.32,NA,NA,NA,NA,NA,NA,NA,NA,NA,PNG,93,2021,Electoral autocracy,0.342,0.805,1.502,1.627,1.3,2.579,2.236,-1.535,1,0.5,0,0,0.5,0,0,0,0.5,0.5,0.5,0.5,0,1.708,0.548,1.162,-1.598,1.653,-0.944,1.282,1.435,0.722,1.216,-0.881,-0.319,-0.864,0.75,0.5,1,0.5,0,0,0.25,0,0,0.25,1.744
Paraguay,77,0.77,2021,76.1,77.9,NA,NA,NA,NA,NA,NA,PRY,189,2021,Electoral democracy,0.43,0.744,1.542,1.397,1.165,1.797,1.165,-0.806,0,0,0,0,0,0,1,0,0.5,0,0,0.5,0.5,1.311,0.242,0.01,-2.421,2.051,-2.039,1.476,1.677,1.824,1.753,0.046,1.317,-0.408,0.833,0.667,1,0.5,0.167,0.333,0,0,0,0,1.064
Peru,71,0.71,2021,73.2,69.1,77.1,78.9,75.3,45.2,50.3,39.2,PER,30,2021,Electoral democracy,0.661,0.858,2.401,2.457,1.578,2.078,1.904,-0.09,0.2,0.6,1,0,0.2,0.4,0.2,0.4,0,0,0.2,0,0,1.111,0.79,0.311,-0.613,1.865,-1.133,1.401,1.468,2.075,1.511,1.721,0.414,0.385,0.5,0.75,1,0.75,0.25,0,0.25,0,0,0,2.168
Philippines,53,0.53,NA,NA,NA,NA,NA,NA,NA,NA,NA,PHL,46,2021,Electoral autocracy,0.28,0.62,-1.076,0.255,0.021,1.486,0.215,0.758,0.333,0.833,1,0.333,0.667,0.333,0.833,0.167,0.333,0.833,0.333,0.5,0.333,0.742,-0.775,-2.095,-0.83,0.472,-1.363,-0.206,0.121,-1.336,0.256,-0.015,-0.28,0.791,1,0.6,1,0.4,0,0,0,0.2,0,0,-0.635
Poland,85,0.85,2021,85.6,85.1,88.8,NA,NA,80.2,NA,NA,POL,17,2021,Electoral democracy,0.425,0.637,2.322,1.703,1.168,1.009,0.714,0.224,0.333,0.556,0.222,0,0.667,0.222,0.222,0.444,0,0,0.111,0.111,0,1.566,0.604,-0.892,-0.717,1.703,-0.646,1.835,1.868,0.776,1.654,0.368,2.199,2.089,1,0.143,1,0.571,0.143,0,0,0,0,0,1.4
Portugal,82,0.82,2021,83.6,81.2,86.7,88.2,85.4,74.4,75.7,73.1,PRT,21,2021,Electoral democracy,0.813,0.969,2.406,3.228,1.971,2.081,2.848,-0.534,0.556,0.778,0.333,0.111,0.333,0.222,0,0.556,0,0,0,0,0,2.196,2.747,2.419,-0.909,2.42,-1.377,1.928,1.988,2.719,2.257,1.823,0.876,0.019,0.875,0.625,1,0.625,0,0,0,0,0,0,2.967
Qatar,100,1,NA,NA,NA,NA,NA,NA,NA,NA,NA,QAT,94,2021,Closed autocracy,0.086,0.075,1.783,-1.706,-1.905,-1.258,-0.483,-3.271,NA,NA,NA,NA,NA,NA,NA,NA,NA,NA,NA,NA,NA,-0.738,-1.463,-0.457,2.313,-1.923,2.025,-0.767,-0.596,-3.138,-1.61,1.109,-1.568,-0.418,0.75,0.375,0.25,0.125,0,0,0.125,0,0,0.25,-1.961
Romania,84,0.84,2021,84.5,82.7,88.6,89.7,87.7,77.5,78.9,76.1,ROU,190,2021,Electoral democracy,0.611,0.909,3.159,2.855,2.459,1.732,2.457,-0.049,0.6,1,0.4,0,0.4,0.2,0,0.4,0,0,0,0,0,2.084,1.243,1.77,-0.02,1.564,-1.425,1.013,1.76,1.053,1.549,0.641,0.761,-0.128,0.833,0.5,0.833,0.667,0,0.167,0.167,0,0,0,1.453
Russia,88,0.88,2021,88.9,87.6,90.1,91.1,89.1,82.6,82.6,82.6,RUS,11,2021,Electoral autocracy,0.102,0.275,-0.854,0.392,0.326,-0.868,-0.879,-0.66,0.333,0.667,0.333,0,0.833,0,0,0,0,0,0,0,0,-0.675,-0.638,-2.614,1.915,-0.654,0.326,-0.111,0.333,-1.545,-0.993,0.192,0.729,-0.483,0.857,0.571,0.714,0.143,0.143,0,0,0,0,0.143,-0.911
Rwanda,30,0.3,NA,NA,NA,NA,NA,NA,NA,NA,NA,RWA,129,2021,Electoral autocracy,0.119,0.235,-1.809,-1.475,-0.428,-0.82,-0.591,-1.72,0,0,0.25,0,0.5,0,0,0,0.25,0,0,0,0,-0.459,-1.343,-0.127,1.906,-1.566,0.357,0.69,-0.238,-1.792,-1.419,-0.257,-3.103,-0.901,0.571,0.571,0.286,0,0.286,0,0,0.143,0.429,0.286,-1.303
Sao Tome and Principe,51,0.51,NA,NA,NA,NA,NA,NA,NA,NA,NA,STP,196,2021,Electoral democracy,0.584,0.804,2.273,2.164,1.638,1.296,1.961,-2.334,1,1,1,0,1,0,0,0,0,0,0,0,0,1.282,1.891,1.851,-1.494,1.91,-1.002,0.966,1.202,1.42,1.42,-0.348,-1.412,-1.693,0.667,0.5,0.667,0.167,0,0,0,0,0,0,0.118
Saudi Arabia,100,1,2021,100,100,NA,NA,NA,NA,NA,NA,SAU,197,2021,Closed autocracy,0.044,0.096,-1.168,-1.258,-1.273,-1.845,-1.062,-1.571,0,0,0.5,0.5,0.5,0,0,0,1,0,1,0,0,-1.071,-2.137,-2.009,2.401,-2.642,0.972,-1.325,-1.733,-3.385,-1.261,1.749,-0.909,-1.001,0.6,0.2,0.2,0,0.2,0,0,0,0,0.4,-1.977
Senegal,58,0.58,NA,NA,NA,NA,NA,NA,NA,NA,NA,SEN,31,2021,Electoral democracy,0.566,0.924,1.992,2.223,1.727,2.456,1.687,0.028,0.667,0.167,0,0,0.667,0,0,0,0,0.333,0.167,0.167,0.167,1.438,1.125,1.178,1.203,0.818,-0.156,1.307,1.899,-0.23,0.721,1.02,0.978,0.777,1,1,0.8,0.6,0.2,0,0,0,0,0,-0.746
Serbia,81,0.81,2021,83.6,78.8,84.5,87.6,81.6,77.2,78.8,75.6,SRB,198,2021,Electoral autocracy,0.243,0.428,1.481,1.368,1.14,1.072,0.576,0.235,0.667,0.444,0.444,0.222,0.556,0.111,0.111,0.333,0.222,0.222,0.222,0.222,0.222,1.008,-0.169,-1.652,-0.112,0.548,-0.836,1.306,1.277,-0.343,0.587,1.582,2.102,0.839,1,0.667,1,0.444,0.333,0.111,0.111,0,0,0,0.439
Seychelles,82,0.82,NA,NA,NA,NA,NA,NA,NA,NA,NA,SYC,199,2021,Liberal democracy,0.64,0.766,1.595,2.152,1.723,1.221,1.169,-0.798,0,0,0,0,1,0,0,0,0,0,0,0,0,0.065,2.115,1.908,0.359,0.66,0.929,1.002,1.004,0.614,1.359,0.908,-0.611,0.993,0.5,0.25,0.25,0,0,0.25,0,0,0,0,0.512
Sierra Leone,18,0.18,NA,NA,NA,NA,NA,NA,NA,NA,NA,SLE,95,2021,Electoral democracy,0.426,0.849,1.728,1.385,1.59,2.103,2.077,-1.056,0.333,0.333,0.667,0,0,0.667,0,0,0.667,0,0,0,0,0.866,0.968,-0.234,-0.881,0.93,0.994,0.369,1.234,0.948,0.82,-0.144,-0.415,0.631,0.375,0.75,0.5,0.5,0,0,0,0,0.125,0,0.212
Singapore,91,0.91,NA,NA,NA,NA,NA,NA,NA,NA,NA,SGP,200,2021,Electoral autocracy,0.345,0.389,2.951,0.746,0.675,-0.444,0.228,-1.989,1,1,0,0,1,0,0,0,0,0,0,0,0,-0.102,-0.418,0.79,1.863,-0.433,2.254,1.387,1.524,-0.693,-0.649,1.317,-1.884,-1.069,0.75,0.25,0,0,0,0,0,0,0,0.5,-0.981
Slovakia,89,0.89,2021,89.5,88.4,90.8,92.1,89.5,86.2,85.8,86.5,SVK,201,2021,Liberal democracy,0.778,0.956,2.115,2.467,2.487,1.512,1.657,-0.295,0.714,0.857,0.571,0,0.143,0.571,0.286,1,0.143,0,0.286,0.429,0,1.317,1.822,1.649,-1.743,1.574,-2.558,1.988,2.043,2.356,2.22,1.766,2.163,1.899,1,0.6,1,0.2,0.1,0,0.1,0,0,0,2.088
Slovenia,89,0.89,2021,88.8,89.2,NA,NA,NA,NA,NA,NA,SVN,202,2021,Electoral democracy,0.599,0.727,2.908,0.864,0.85,1.278,0.699,1.025,0.429,0.714,0.286,0,0.571,0.571,0.714,0.286,0,0,0,0.143,0,2.175,0.581,-0.802,-1.227,2.295,-2.038,1.821,1.867,1.425,2.029,0.671,1.882,0.036,1,0.667,1,0.667,0.5,0,0,0,0,0,1.921
Solomon Islands,36,0.36,NA,NA,NA,NA,NA,NA,NA,NA,NA,SLB,203,2021,Electoral democracy,0.475,0.826,1.769,1.562,1.122,1.92,1.892,-0.537,0.667,0.667,0,0,0.667,0,0,0,0.333,0.667,0,0,0,0.747,1.295,0.676,-1.669,1.735,-2.096,1.053,1.407,1.163,0.51,-0.561,-0.342,-0.992,0.5,1,0.75,0.5,0.25,0,0,0,0,0,1.672
South Africa,72,0.72,NA,NA,NA,NA,NA,NA,NA,NA,NA,ZAF,8,2021,Electoral democracy,0.582,0.861,0.585,1.422,1.494,2.64,1.226,-0.574,0.4,0.4,0.4,0.4,0,0,0.4,0,0.2,0,0,0,0,1.462,1.077,1.187,0.106,1.507,-0.002,0.882,1.648,0.821,2.016,1.461,1.275,0.827,0.667,0.667,0.667,0.5,0.667,0.333,0.333,0,0,0.167,1.265
South Sudan,6,0.06,NA,NA,NA,NA,NA,NA,NA,NA,NA,SSD,32,2021,Closed autocracy,0.054,0.125,-0.675,-0.686,-1.801,-0.275,-1.042,0.614,0,0,1,0.5,0,0.5,0,0.5,0.5,0.5,0.5,0.5,0.5,-1.182,-2.154,-2.693,-0.577,-1.307,-0.557,-2.624,-1.949,-2.257,-2.972,-1.649,-1.265,-0.344,0,0,0.5,0.5,0.5,0.5,0.5,0.5,0,0,-2.782
Spain,94,0.94,2021,93.9,93.9,95.3,95.7,94.9,92.3,92,92.7,ESP,96,2021,Liberal democracy,0.779,0.89,3.118,1.616,1.782,2.48,2.871,-0.293,0.091,0.364,0.364,0.364,0.091,0.455,0.182,0.182,0.091,0.455,0,0,0,1.325,1.671,1.393,0.759,1.73,1.073,2.002,1.29,1.503,1.422,0.975,1.496,2.12,0.778,0.667,1,0.889,0.667,0.333,0,0,0,0.111,2.268
Sri Lanka,67,0.67,NA,NA,NA,NA,NA,NA,NA,NA,NA,LKA,131,2021,Electoral democracy,0.382,0.66,0.47,0.873,0.765,0.063,-0.573,0.127,0.6,0.6,0.4,0,0.8,0,0.4,0.2,0.4,0,0.4,0.2,0,-0.116,0.672,-1.654,0.313,-0.341,1.047,0.503,1.629,-0.545,-0.069,0.211,0.17,-0.015,0.667,0.5,0.833,0.667,0,0,0,0,0,0.167,-0.208
Sudan,28,0.28,NA,NA,NA,NA,NA,NA,NA,NA,NA,SDN,33,2021,Closed autocracy,0.074,0.462,-1.012,-0.121,-0.311,-0.353,-0.194,1.849,0.5,0.5,0.5,0.5,1,0,0.25,0,0,0,0.25,0,0,-1.007,-0.243,-1.386,0.409,-2.05,-0.036,-2.65,-2.722,-1.358,-0.85,0.238,0.396,1.139,0.25,0.5,1,0.5,0,0.25,0.25,0.5,0.25,0.25,-1.025
Suriname,66,0.66,NA,NA,NA,NA,NA,NA,NA,NA,NA,SUR,4,2021,Electoral democracy,0.623,0.816,2.021,2.286,1.871,2.882,2.699,-1.315,0.5,0,1,0,1,0,0,0,0.5,0,0.5,0,0,1.343,0.261,0.473,-0.876,1.314,-0.547,1.72,1.734,0.868,1.248,1.232,0.236,0.649,1,0.4,1,0.6,0,0.2,0,0,0,0,0.414
Sweden,88,0.88,2021,89,87.6,NA,NA,NA,NA,NA,NA,SWE,5,2021,Liberal democracy,0.871,0.969,3.294,1.936,1.988,2.982,3.074,-0.814,0.143,0.286,0.714,0,0,0.714,0.714,1,0.286,0.143,0.571,0,0.143,2.251,2.261,2.521,-0.604,2.161,-1.37,1.868,1.932,2.926,2.116,2.701,1.073,0.626,0.857,1,0.857,0.143,0,0,0,0,0,0,1.764
Switzerland,96,0.96,2021,96.3,94.9,96,96.6,95.4,94.4,95.4,93.5,CHE,6,2021,Liberal democracy,0.851,0.979,3.093,2.59,2.896,2.553,2.92,-1.881,0,0,1,0,0,1,0,0,0,0,0,0,0,2.163,3.714,2.649,-0.897,2.355,-3.084,1.769,1.84,1.994,1.959,0.893,0.551,0.299,0.8,0.6,1,0.2,0,0,0,0,0,0,2.405
Syria,36,0.36,NA,NA,NA,NA,NA,NA,NA,NA,NA,SYR,97,2021,Closed autocracy,0.036,0.045,-1.749,-2.247,-2.465,-2.902,-2.413,0.274,0.167,0.167,0.5,0.333,0.667,0.333,0.5,0.5,0.5,0.667,0.833,0.5,0.5,-2.797,-1.614,-3.066,1.626,-2.926,1.662,-1.851,-0.923,-2.851,-1.68,-1.104,1.189,0.824,0.556,0.667,0.778,0.222,0.333,0.333,0.111,0.444,0.111,0,-2.251
Taiwan,90,0.9,NA,NA,NA,NA,NA,NA,NA,NA,NA,TWN,48,2021,Liberal democracy,0.707,0.862,3.164,2.376,2.477,1.931,2.252,-0.417,0.286,0.857,0.571,0,0.571,0.143,0.143,0,0,0.143,0,0,0.429,1.183,1.069,1.403,-0.27,0.704,-0.854,1.041,1.415,0.288,0.702,3.058,2.535,2.804,0.875,0.75,1,0.625,0,0,0,0,0,0.125,1.654
Tanzania,32,0.32,NA,NA,NA,NA,NA,NA,NA,NA,NA,TZA,47,2021,Electoral autocracy,0.339,0.624,1.312,0.955,0.913,0.296,0.348,-1.06,0.6,0.4,0.2,0,0.6,0.2,0.2,0.2,0,0,0.2,0,0,0.285,0.486,-0.621,1.332,0.114,1.656,0.376,0.03,-0.021,-0.17,0.485,-0.445,1.413,0.2,0.6,0.6,0.2,0.2,0,0,0.2,0,0.2,-1.175
Thailand,85,0.85,2021,86.3,84.3,89.6,90.5,88.8,81.7,82.9,80.5,THA,49,2021,Closed autocracy,0.171,0.416,-0.839,-1.355,-1.414,0.131,-1.457,2.582,0.333,0.333,0.5,0.167,1,0.333,0.333,0.167,0.333,0.333,0.167,0,0,-0.449,0.61,-0.829,1.183,-0.72,0.541,0.617,0.558,-1.238,-1.018,1.173,1.984,0.787,1,1,0.75,0.25,0.5,0.5,0,0,0,0,-1.564
Timor-Leste,39,0.39,NA,NA,NA,NA,NA,NA,NA,NA,NA,TLS,74,2021,Electoral democracy,0.488,0.8,2.665,1.723,1.416,1.523,2.314,0.104,0,0.667,0.667,0,0.333,0.333,0,0,0.333,0,0.333,0.333,0,0.142,0.984,0.339,-2.114,1.445,-1.943,1.106,1.393,1.373,0.62,-0.42,-0.067,0.216,0.6,0.6,1,0.4,0,0,0,0,0,0,1.048
Togo,35,0.35,NA,NA,NA,NA,NA,NA,NA,NA,NA,TGO,134,2021,Electoral autocracy,0.238,0.674,1.116,-0.226,-0.353,0.614,0.01,1.332,0.4,0.2,0.2,0,0.6,0.2,0,0,0,0,0.2,0,0,-0.165,0.144,-0.85,1.941,-0.353,1.85,-0.837,-0.092,-0.927,1.104,-0.466,1.25,3.033,0.571,0.429,0.571,0.857,0,0,0,0,0,0.143,-0.009
Trinidad and Tobago,79,0.79,NA,NA,NA,NA,NA,NA,NA,NA,NA,TTO,135,2021,Electoral democracy,0.656,0.917,2.076,2.039,1.842,2.094,2.546,-0.499,0.5,0.25,0.25,0,0.75,0.25,0.25,0.25,0.25,0,0.25,0,0,1.929,1.978,1.051,-0.37,1.959,-0.852,1.842,1.876,0.219,1.213,0.214,0.395,-1.053,0.667,0.667,1,0.667,0,0.167,0,0,0,0,1.285
Tunisia,79,0.79,NA,NA,NA,NA,NA,NA,NA,NA,NA,TUN,98,2021,Electoral democracy,0.388,0.849,1.57,0.639,0.766,1.534,1.46,1.16,0.625,0.5,0.25,0,0.375,0.25,0.25,0.125,0.125,0,0.375,0.125,0,0.941,1.555,-0.038,1.049,1.028,-0.544,0.99,0.305,1.594,1.388,1.826,1.946,3.298,0.833,0.167,1,0.833,0.167,0.167,0,0,0,0,1.498
Turkey,81,0.81,2021,86.5,76.4,NA,NA,NA,NA,NA,NA,TUR,99,2021,Electoral autocracy,0.123,0.2,0.349,-1.22,-1.32,-0.962,-1.631,0.385,0.308,0.462,0.385,0.231,0.308,0.231,0.462,0.154,0.231,0.462,0.308,0.308,0,-0.926,-1.091,-2.119,0.971,-2.128,1.223,-0.672,-0.946,-0.604,-1.772,1.039,1.676,2.007,1,0.625,0.875,0.75,0.125,0.25,0.375,0,0.125,0.25,-1.611
Uganda,10,0.1,NA,NA,NA,NA,NA,NA,NA,NA,NA,UGA,50,2021,Electoral autocracy,0.203,0.57,-0.704,-0.129,-0.093,0.088,-1.34,-0.504,0.167,0.833,0.667,0,0.667,0.167,0,0,0.5,0.167,0.167,0,0.167,-0.593,-0.126,-1.441,0.731,-1.117,0.285,-0.975,-1.316,-1.057,-0.269,-0.954,-0.904,0.12,0.4,0.6,0.8,0.6,0.2,0,0.4,0,0,0,-1.512
Ukraine,79,0.79,2021,82,76.8,83.4,86.2,81,70.9,73.8,68.3,UKR,100,2021,Electoral democracy,0.312,0.71,1.102,1.209,1.233,0.967,1.674,-0.107,0.1,0.3,0.3,0.2,0.1,0.4,0.1,0.3,0.1,0.7,0,0.3,0.2,-0.273,0.288,-0.331,0.479,0.253,-1,0.367,-0.883,0.033,0.265,0.474,2.606,2.529,0.778,0.556,0.889,0.111,0,0,0.111,0,0,0.222,0.62
United Arab Emirates,100,1,2021,100,100,NA,NA,NA,NA,NA,NA,ARE,207,2021,Closed autocracy,0.082,0.054,1.157,-0.568,-0.883,-1.325,-1.167,-2.547,0,0,1,0,0,0,0,0,0,0,0,0,0,-2.086,-3.135,-1.223,2.279,-3.716,0.221,-0.892,-1.721,-2.108,-2.164,1.855,-2.483,-1.723,0.5,0.25,0,0,0,0,0.25,0.25,0,0.25,-2.541
United Kingdom,97,0.97,NA,NA,NA,NA,NA,NA,NA,NA,NA,GBR,101,2021,Liberal democracy,0.787,0.942,2.309,2.712,2.768,1.755,2.195,-0.87,0.167,0.333,0.667,0,0.833,0.333,0.333,0.333,0,0.333,0.333,0.167,0,0.552,2.652,0.338,0.614,1.528,-0.995,1.766,0.913,1.016,0.82,2.809,2.158,1.479,1,0.833,1,0.667,0,0,0,0,0,0,0.959
United States of America,92,0.92,NA,NA,NA,NA,NA,NA,NA,NA,NA,USA,20,2021,Liberal democracy,0.735,0.929,2.8,2.351,2.275,2.842,2.398,-0.431,0.429,0.286,0.429,0.143,0.429,0.286,0.143,0.714,0.143,0,0.143,0.286,0,1.227,2.076,-0.018,0.838,1.493,-1.055,1.006,1.139,0.256,0.752,2.147,1.478,2.714,0.857,0.857,0.857,0.571,0.571,0.429,0.286,0,0,0,2.309
Uruguay,90,0.9,NA,NA,NA,NA,NA,NA,NA,NA,NA,URY,102,2021,Liberal democracy,0.775,0.906,3.182,2.222,1.545,2.451,1.971,-1.447,0,0,0,0,0,1,0.5,0,0,0,0,0,0,2.149,2.345,2.276,0.444,2.165,1.791,1.806,1.81,1.844,1.449,1.078,1.268,-0.047,0.833,0.333,0.5,0.667,0,0,0,0,0,0.167,1.868
Uzbekistan,77,0.77,2021,80.6,72.6,79.5,83,76,73.5,78.1,68.8,UZB,140,2021,Closed autocracy,0.082,0.221,0.462,-0.037,-0.299,-0.47,-0.756,-1.682,0,0,0.333,0.333,1,0,0.333,0.333,0,0,1,0,0,-2.412,-0.913,-1.988,1.212,-1.774,1.745,-1.22,-1.075,-1.512,-1.467,0.636,-0.796,-1.137,0.625,0.5,0.25,0,0,0,0,0,0,0.125,-1.418
Vanuatu,66,0.66,NA,NA,NA,NA,NA,NA,NA,NA,NA,VUT,206,2021,Electoral democracy,0.651,0.891,2.752,2.284,2.394,2.957,3.024,-2.55,0,0,1,0,0,0,0,0,1,0,1,0,0,1.838,1.028,1.834,-1.474,1.77,-1.106,1.779,1.814,1.25,1.504,-0.537,-0.733,-0.613,0.75,0.75,0.5,0.25,0,0,0.25,0,0,0.25,1.71
Vietnam,74,0.74,2021,76.9,71.5,NA,NA,NA,NA,NA,NA,VNM,34,2021,Closed autocracy,0.112,0.166,0.956,-0.651,-0.774,-0.904,-0.776,-1.268,0.667,0.667,0.333,0,0.333,0,0,0,0,0,0.333,0,0,-0.945,-1.008,-1.002,1.861,-2.071,0.879,0.542,0.342,-1.542,-1.482,-0.409,1.031,-1.275,0.8,0.2,1,0.8,0.2,0,0,0,0,0.2,-2.316
Zambia,21,0.21,NA,NA,NA,NA,NA,NA,NA,NA,NA,ZMB,61,2021,Electoral autocracy,0.318,0.701,1.088,1.18,1.408,0.824,0.185,-0.528,0.4,0.4,0.2,0,0.6,0,0,0,0,0,0.2,0,0,-0.287,0.483,-1.574,1.26,0.157,2.34,0.142,0.19,-1.336,1.135,1.782,-0.77,0.59,1,0.8,1,0.2,0.2,0.2,0.2,0,0,0,-0.954
Zimbabwe,35,0.35,NA,NA,NA,NA,NA,NA,NA,NA,NA,ZWE,62,2021,Electoral autocracy,0.194,0.465,-1.642,-1.041,-0.91,0.541,-1.156,0.713,0.333,0.5,0.25,0.083,0.5,0.083,0.167,0,0.083,0.167,0.167,0,0.083,-0.033,-0.181,-2.145,0.978,-0.35,1.017,-0.6,-0.303,-1.547,-0.531,-0.251,0.693,-0.482,0.667,0.5,0.833,0.5,0.333,0,0,0,0,0,-2.552
