Economy,value_2021,value_2021_perc,country_text_id,country_id,year,v2x_libdem,v2x_egaldem,v2clkill,v2cldiscm,v2cldiscw,v2cseeorgs,v2csreprss,v2csantimv,v2csanmvch_0,v2csanmvch_1,v2csanmvch_2,v2csanmvch_3,v2csanmvch_4,v2csanmvch_5,v2csanmvch_6,v2csanmvch_7,v2csanmvch_8,v2csanmvch_9,v2csanmvch_10,v2csanmvch_11,v2csanmvch_12,v2mecenefi,v2meharjrn,v2smgovdom,v2smgovfilcap,v2smgovfilprc,v2smgovshutcap,v2smgovshut,v2smgovsm,v2smgovsmmon,v2smgovsmcenprc,v2smonex,v2smorgavgact,v2smorgelitact,v2smorgtypes_0,v2smorgtypes_1,v2smorgtypes_2,v2smorgtypes_3,v2smorgtypes_4,v2smorgtypes_5,v2smorgtypes_6,v2smorgtypes_7,v2smorgtypes_8,v2smorgtypes_9,v2smarrest,v2smpolsoc
Albania,79,0.79,ALB,12,2021,0.41,0.368,3.188,1.74,1.626,1.78,1.574,0.078,0.5,0.375,0.125,0.125,0.625,0.125,0.5,0.375,0,0,0.125,0,0,0.466,0.526,-0.795,-0.183,-0.004,-1.038,0.323,1.694,-0.297,1.195,2.699,0.998,0.657,1,0.667,0.833,0.833,0.167,0,0,0,0.167,0,1.034,-0.341
Algeria,71,0.71,DZA,103,2021,0.138,0.267,0.445,0.436,0.097,-1.058,-1.241,0.473,0.571,0.429,0.429,0.143,0.714,0,0.286,0.286,0,0.429,0.143,0,0,-1.469,0.027,-1.716,1.829,-1.68,1.56,-1.397,-2.015,-2.154,-1.251,0.639,0.376,0.002,1,0.714,1,0.714,0.286,0.143,0.143,0.143,0,0,-1.294,-1.005
Andorra,94,0.94,NA,NA,NA,NA,NA,NA,NA,NA,NA,NA,NA,NA,NA,NA,NA,NA,NA,NA,NA,NA,NA,NA,NA,NA,NA,NA,NA,NA,NA,NA,NA,NA,NA,NA,NA,NA,NA,NA,NA,NA,NA,NA,NA,NA,NA,NA,NA,NA,NA
Angola,33,0.33,AGO,104,2021,0.168,0.142,1.045,0.504,0.356,0.267,0.581,0.059,0.5,0.5,0.5,0.5,0.75,0,0,0,0.5,0.25,0.25,0,0,0.84,0.328,-0.136,0.225,1.048,0.172,0.406,0.684,-0.094,0.906,-0.935,0.721,-1.055,0.25,0.25,1,0.5,0.25,0,0,0,0,0,0.977,0.455
Antigua and Barbuda,96,0.96,NA,NA,NA,NA,NA,NA,NA,NA,NA,NA,NA,NA,NA,NA,NA,NA,NA,NA,NA,NA,NA,NA,NA,NA,NA,NA,NA,NA,NA,NA,NA,NA,NA,NA,NA,NA,NA,NA,NA,NA,NA,NA,NA,NA,NA,NA,NA,NA,NA
Argentina,87,0.87,ARG,37,2021,0.657,0.621,2.365,2.623,2.463,2.421,1.934,-0.757,0.143,0.143,0.429,0,0.143,0,0.286,0.429,0.143,0,0,0,0,1.831,1.96,1.136,-0.294,2.367,-1.401,1.926,1.872,0.832,1.811,1.295,1.366,1.211,0.889,0.778,1,0.778,0.222,0.111,0.111,0,0,0,2.636,-2.298
Armenia,79,0.79,ARM,105,2021,0.541,0.604,2.375,2.107,1.695,3.015,1.888,-0.551,0,0.429,0.571,0,0.286,0.286,0,0.286,0,0,0,0,0,1.958,1.078,-0.704,-0.173,1.06,0.658,1.47,1.892,0.731,1.129,1.198,2.976,2.372,0.714,0.429,1,0.143,0.143,0,0,0,0,0,0.957,-1.234
Australia,96,0.96,AUS,67,2021,0.804,0.717,3.022,2.404,2.795,2.816,1.887,-2.273,0.667,0.667,0.667,0,0.667,0.333,0.667,0.333,0.333,0,0.333,0,0,1.26,1.799,0.565,0.283,2.05,-0.491,1.327,1.433,1.471,1.571,2.186,1.141,-1.195,0.857,0.571,0.857,0.286,0.143,0,0,0.143,0,0.429,1.501,0.378
Austria,93,0.93,AUT,144,2021,0.751,0.743,2.84,2.691,3.008,1.327,2.299,-0.372,0.25,0.5,0.5,0,0.25,0.75,0.25,1,0,0,0.25,0,0,1.942,2.219,1.171,-0.609,1.966,-0.379,1.759,1.758,0.974,2.049,1.928,2.177,1.487,1,0.333,1,0,0,0,0.333,0,0,0,2.57,0.095
Azerbaijan,86,0.86,AZE,106,2021,0.066,0.113,1.203,-0.487,-0.737,-0.878,-0.292,-0.7,0.333,0.667,0.833,0,0.833,0.167,0.167,0.167,0,0,0.333,0,0,-0.302,-0.542,-3.081,1.75,-1.872,1.997,-0.647,-0.415,-2.425,-0.461,1.483,-0.267,-1.73,0.857,0.571,0.714,0,0.286,0,0,0,0.143,0.143,-1.411,-0.496
Bahamas,94,0.94,NA,NA,NA,NA,NA,NA,NA,NA,NA,NA,NA,NA,NA,NA,NA,NA,NA,NA,NA,NA,NA,NA,NA,NA,NA,NA,NA,NA,NA,NA,NA,NA,NA,NA,NA,NA,NA,NA,NA,NA,NA,NA,NA,NA,NA,NA,NA,NA,NA
Bahrain,100,1,BHR,146,2021,0.054,0.113,-0.231,-1.171,-0.728,-1.605,-1.692,-0.672,0,0,0.75,0,0.25,0.25,0.25,0.25,0.75,0.25,0.75,0,0,-0.31,-1.217,-1.275,2.555,-2.336,1.402,-0.913,0.501,-1.837,-0.906,0.374,1.721,0.062,0.4,0.4,1,0.6,0.4,0.2,0,0,0,0,-2.9,-2.885
Bangladesh,39,0.39,BGD,24,2021,0.103,0.099,-1.491,-0.811,-0.786,1.614,-0.494,-0.999,0.5,0.25,0.5,0.25,0.5,0.25,0.25,0.5,0,0,0.25,0,0,-1.639,-1.588,-1.255,2.211,-0.996,1.598,-1.287,-1.423,-2.536,-2.549,0.421,-0.119,-0.419,0.8,0.8,0.8,0.6,0.6,0.2,0.4,0.6,0.2,0.2,-2.319,-1.35
Barbados,86,0.86,BRB,147,2021,0.678,0.663,2.605,2.454,2.504,1.954,2.057,-1.55,0.5,0.5,0,0,1,0,0,0,0,0,0,0,0,1.3,2.226,1.165,-1.044,1.375,-1.656,1.827,1.094,0.952,1.151,1.025,-0.097,-0.892,0.6,0.6,0.6,0.4,0,0,0,0,0,0,1.82,1.65
Belarus,87,0.87,BLR,107,2021,0.038,0.221,-0.966,-2.298,-2.284,-3.28,-3.158,-0.194,0.4,0.6,0.4,0,0.8,0,0,0,0,0,0,0,0,-1.599,-1.727,-2.55,2.164,-2.055,1.329,-2.729,-1.592,-2.231,0.11,0.373,2.231,-1.431,0.833,0,0.833,0.667,0,0,0,0,0,0.167,-1.562,-2.548
Belgium,93,0.93,BEL,148,2021,0.82,0.826,3.088,2.446,2.458,1.532,2.84,-0.993,0,0.5,0.75,0,0.25,0.25,0.5,0.75,0,0.25,0,0,0,1.98,2.091,1.899,0.135,2.601,-0.81,1.903,1.917,0.71,2.07,1.504,1.035,0.063,0.857,0.143,0.857,0.571,0,0.143,0,0,0,0.143,2.677,0.905
Belize,62,0.62,NA,NA,NA,NA,NA,NA,NA,NA,NA,NA,NA,NA,NA,NA,NA,NA,NA,NA,NA,NA,NA,NA,NA,NA,NA,NA,NA,NA,NA,NA,NA,NA,NA,NA,NA,NA,NA,NA,NA,NA,NA,NA,NA,NA,NA,NA,NA,NA,NA
Benin,34,0.34,BEN,52,2021,0.289,0.333,2.151,0.525,0.524,1.379,0.897,0.168,0.5,0,0.5,0,0.5,0,0,0,0,0,0,0,0,1.919,0.555,1.247,1.283,1.451,2.207,1.273,0.547,-0.397,1.036,-0.595,0.217,-0.028,0.667,0.333,0.333,0.167,0,0,0.167,0,0,0.167,-0.191,0.863
Bhutan,86,0.86,BTN,53,2021,0.476,0.481,1.422,1.185,0.791,0.616,0.826,-1.522,0,0,0.667,0,0,0,0,0,1,0,0.333,0,0,-0.521,0.903,-1.027,-0.863,-1.191,0.063,-1.645,-1.216,-1.435,-0.839,-0.632,-0.609,-1.408,0.333,0.833,0.333,0,0,0,0,0,0.167,0,-1.251,1.531
Bolivia,66,0.66,BOL,25,2021,0.357,0.397,1.876,1.408,0.878,0.918,0.824,0.622,0.333,0.333,0.667,0.167,0.5,0.333,0.333,0.667,0,0.667,0,0.167,0.333,0.936,1.019,-1.428,-0.573,0.682,-0.601,1.09,1.287,-0.281,0.818,-0.02,1.682,1.036,0.375,0.5,1,0.75,0.75,0.25,0.125,0.125,0,0,0.274,-1.846
Bosnia and Herzegovina,76,0.76,BIH,150,2021,0.357,0.369,1.846,0.834,0.41,2.791,1.817,-1.657,0.25,0.25,0.25,0.25,0.75,0.5,0,0.5,0.25,0.25,0.25,0.25,0.25,1.947,0.311,-0.617,-1.319,1.894,-1.265,1.825,1.801,1.46,0.736,0.572,0.498,-0.125,0.857,0.286,1,0.429,0,0,0.143,0,0,0,0.823,-1.697
Botswana,74,0.74,BWA,68,2021,0.485,0.429,1.343,2.024,1.402,2.037,2.152,-0.904,0.5,0,0,0,1,0,0,0,0,0,0,0,0,1.876,0.809,-0.147,0.585,2.048,-0.054,1.784,1.857,2.428,1.787,0.988,0.573,0.963,1,0.75,0.75,0.75,0,0,0.25,0,0,0,0.431,1.886
Brazil,81,0.81,BRA,19,2021,0.513,0.318,-0.281,1.022,0.505,1.693,1.134,-0.336,0.5,0.667,0.5,0,0.5,0.833,0.667,0.833,0,0,0.5,0.333,0.167,0.861,0.359,-2.253,-0.719,-0.21,-1.531,1.638,2.021,0.031,0.534,1.185,1.818,0.743,0.625,0.75,0.75,0.625,0.25,0.25,0.375,0,0.125,0.125,1.052,-2.464
Brunei Darussalam,98,0.98,NA,NA,NA,NA,NA,NA,NA,NA,NA,NA,NA,NA,NA,NA,NA,NA,NA,NA,NA,NA,NA,NA,NA,NA,NA,NA,NA,NA,NA,NA,NA,NA,NA,NA,NA,NA,NA,NA,NA,NA,NA,NA,NA,NA,NA,NA,NA,NA,NA
Bulgaria,75,0.75,BGR,152,2021,0.555,0.498,2.199,1.888,1.76,1.612,2.316,-0.256,0.571,0.857,0.429,0,0.286,0.429,0.286,0.571,0.143,0,0,0,0.143,1.974,0.499,0.049,-0.179,2.066,-1.226,1.899,1.863,1.397,1.435,0.943,0.899,2.052,1,0.8,1,0.4,0.2,0.2,0.2,0,0,0,1.677,-1.03
Burkina Faso,22,0.22,BFA,54,2021,0.428,0.397,2.275,0.48,0.82,1.981,1.737,1.009,0.25,0,0.75,0.5,0,0,0.25,0,0,0,0.5,0,0,-0.272,0.957,0.609,1.775,-0.699,2.053,-2.109,-1.069,-1.798,-0.785,-0.051,1.704,0.947,0.6,0.6,0.8,0.6,0,0,0,0.4,0,0.2,-1.007,-0.658
Burundi,6,0.06,BDI,69,2021,0.07,0.112,-2.096,-1.671,-1.553,-1.94,-0.998,-0.581,0.25,0,0.25,0.25,0.75,0,0,0,0,0,0.25,0,0,-0.685,-1.435,-1.243,-0.913,-0.68,0.828,-0.272,-1.147,-0.983,-0.984,-0.922,-0.733,0,0.714,0.286,0.571,0.286,0.143,0.143,0,0.286,0.143,0.143,-2.822,-0.448
Cape Verde,70,0.7,CPV,70,2021,0.676,0.598,1.896,2.581,1.709,1.867,3.055,-1.682,0.667,0.667,0,0,1,0,0.333,0,0,0,0,0,0,2.044,1.674,1.175,-1.151,1.619,-1.301,0.706,1.47,2.127,1.15,-0.167,0.112,0.037,1,0.4,0.8,0.4,0,0,0,0,0,0,1.563,0.429
Cambodia,60,0.6,KHM,55,2021,0.065,0.086,-0.71,-0.949,-0.984,-0.95,-1.805,-0.584,1,0.667,0,0,0.667,0,0,0,0,0,0,0,0,-0.965,-1.12,-2.43,0.294,-2.489,-0.519,0.512,0.708,-1.021,-0.836,0.218,-0.437,1.465,0.8,0.6,1,0.8,0,0.2,0,0,0,0,-2.131,0.785
Cameroon,46,0.46,CMR,108,2021,0.123,0.184,0.471,0.81,0.929,0.356,-0.73,1.103,0.125,0.375,0.625,0.75,0,0.125,0,0.125,0.375,0.75,0,0.25,0.125,-0.521,-0.622,-1.152,1.393,0.39,1.672,-0.026,0.047,-0.875,-1.532,-0.676,1.799,1.426,0.571,0.714,0.857,0.714,0.286,0.571,0.143,0.143,0,0.143,-1.261,-2.26
Canada,93,0.93,CAN,66,2021,0.747,0.742,3.124,2.523,2.441,2.083,1.911,-0.59,0.5,0,0.25,0,0.75,0,0.25,0.25,0.25,0.75,0.25,0,0,1.983,2.783,2.309,0.965,1.955,-0.319,1.848,1.794,1.707,1.991,1.177,0.524,1.047,1,0.75,0.75,0.25,0,0.25,0.25,0,0,0,2.443,1.881
Central African Republic,11,0.11,CAF,71,2021,0.175,0.164,-0.337,0.82,0.299,0.562,-0.216,0.651,0.25,0.25,0.25,0.5,0.5,0.5,0.25,0.25,0.75,0.25,0,0.5,0.5,0.996,0.285,-1.112,-1.215,0.401,1.41,0.914,1.202,0.719,1.114,-0.332,0.053,0.423,0.8,0.4,0.8,0.2,0,0.2,0,0.2,0.2,0,-0.465,-1.059
Chad,18,0.18,TCD,109,2021,0.051,0.078,-1.455,-0.294,0.249,-0.388,-0.762,1.617,0.333,0.333,0.667,0,0.333,0,0,0,0,0,0.333,0,0,-1.443,-0.019,-1.444,0.296,-1.7,1.832,-2.097,-2.535,-0.631,-1.111,-2.402,-1.014,0.31,0.667,0.667,0.333,0.333,0,0.333,0,0.333,0,0,-1.55,-1.337
Chile,90,0.9,CHL,72,2021,0.779,0.645,1.759,2.821,2.742,1.379,2.058,-0.683,0.286,0.429,0.429,0.429,0.286,0.571,0.571,0.429,0.286,0.286,0,0.429,0.286,2.083,2.23,1.255,1.129,1.183,-0.624,1.893,1.97,1.382,1.199,1.486,1.624,0.256,0.667,0.833,1,0.833,0.833,0.333,0,0,0,0,1.58,-0.792
China,73,0.73,CHN,110,2021,0.039,0.097,0.329,-1.494,-1.365,-2.297,-1.316,-2.394,0.5,0.5,0,0,0.5,0,0,0,0.5,0.5,0.5,0,0,-2.037,-1.871,-2.639,2.002,-2.871,1.967,-0.538,-1.813,-3.169,-2.467,2.056,-0.262,-0.562,0.833,0.083,0.667,0.75,0.25,0.083,0.333,0.083,0.25,0.083,-2.328,2.047
Colombia,73,0.73,COL,15,2021,0.485,0.321,-0.84,-0.311,-0.268,0.881,0.62,0.555,0,0.143,0.571,0.857,0.143,0.429,1,0.286,0,0,0,0.714,0.857,0.544,0.752,-1.239,-0.574,0.882,-0.35,0.25,0.46,-1.989,-0.135,0.81,1.878,1.558,1,0.875,1,0.75,0.875,0.375,0.5,0.125,0.125,0,0.581,-2.071
Comoros,27,0.27,COM,153,2021,0.113,0.23,-0.615,-0.481,-0.567,0.537,-0.243,0.112,0.5,0.333,0.833,0,0.167,0.167,0.167,0,0.167,0.333,0.667,0.167,0,0.902,0.816,-0.844,1.196,-0.305,1.741,-0.041,0.502,-0.412,-0.116,-1.731,-0.559,-0.504,0.833,0.5,0.5,0.5,0.167,0.167,0.167,0.167,0,0.167,-0.547,-0.642
Costa Rica,83,0.83,CRI,73,2021,0.85,0.801,2.543,2.668,2.467,2.757,2.5,-1.282,1,1,0.5,0,1,0,0,0,0,0,0.5,0,0,2.145,1.807,2.113,-1.357,1.192,-0.591,1.83,1.777,2.387,1.091,1.552,1.755,0.831,0.833,0.667,1,0.5,0.167,0,0,0,0,0,1.887,0.887
Croatia,81,0.81,HRV,154,2021,0.65,0.593,2.849,1.777,1.38,1.402,1.328,-1.425,0.25,0,0.25,0,0.25,0.75,0,1,0,0,0.5,0,0,1.858,0.993,1.439,-1.479,1.767,-1.313,1.27,1.441,1.133,1.897,0.388,1.393,-0.829,1,0.5,0.833,0.333,0.167,0,0,0,0,0,1.078,-0.135
Cuba,71,0.71,CUB,155,2021,0.057,0.242,0.926,-2.05,-2.024,-2.691,-2.167,0.198,0.571,0.143,0.429,0.143,0.571,0,0.429,0.429,0,0,0,0,0,-2.326,-0.997,-3.118,2.178,-3.255,1.747,-1.366,-1.14,-2.156,-0.916,-1.882,-0.142,0.395,0.5,0.25,1,0,0.25,0,0.25,0,0,0,-2.536,-0.468
Cyprus,91,0.91,CYP,156,2021,0.648,0.692,3.317,1.957,2.064,2.225,2.409,-1.572,1,1,0,0,0,0,0,0,0,0,0,0,0,1.991,1.015,1.154,-1.939,1.976,-1.548,1.922,1.841,1.491,1.07,1.638,-0.812,0.56,0.833,0.5,0.833,0.5,0.333,0,0,0,0,0,1.469,0.199
Czechia,83,0.83,CZE,157,2021,0.716,0.716,3.22,2.092,2.338,1.903,2.571,-1.379,0.333,0.222,0.444,0.111,0.333,0.556,0.222,0.556,0.111,0,0,0.111,0,1.694,2.053,0.556,-1.857,1.918,-1.774,1.908,1.947,1.201,1.623,2.16,2.286,2.206,1,0.778,1,0.333,0.111,0,0,0,0,0,2.555,0.309
Ivory Coast,45,0.45,CIV,64,2021,0.239,0.252,0.364,0.615,0.341,1.206,1.433,-0.706,0.4,0.4,0.6,0.6,0.6,0.2,0.6,0.2,0,0.2,0.4,0.2,0,1.132,0.717,-0.625,1.398,0.378,1.527,1.813,0.459,-1.672,0.228,-0.277,0.363,1.158,0.714,0.429,0.714,0.571,0,0.286,0,0,0,0.143,-0.58,-1.101
Democratic Republic of the Congo,23,0.23,COD,111,2021,0.15,0.192,0.987,0.404,0.653,0.702,-0.908,0.643,0,0.571,0.571,0.571,0,0.286,0.143,0,0.286,0.286,0.286,0.286,0.286,-0.854,0.166,-0.284,-0.898,0.09,0.528,-1.497,-0.936,-0.516,-0.652,-0.887,-0.002,1.703,0.167,0.5,1,0.667,0.333,0.667,0.5,0,0.167,0,-0.62,-0.838
Denmark,99,0.99,DNK,158,2021,0.885,0.878,3.29,3.12,2.984,2.855,2.751,-2.356,0.5,0,1,0,0,0,0.5,0.5,0,0,0.5,0,0,2.095,3.766,2.692,-1.096,2.365,0.918,1.8,1.785,2.109,1.93,2.755,2.105,1.379,1,0.833,1,0.667,0,0,0,0,0,0.167,2.571,2.158
Djibouti,69,0.69,DJI,113,2021,0.125,0.193,-0.227,0.451,-0.179,0.278,0.092,0.296,0.333,0.333,0.667,0,0.333,0.167,0,0.167,0.167,0,0,0,0,-1.995,-0.718,-1.045,0.198,-0.72,-0.418,-0.493,-1.047,-0.91,-1.506,-2.085,-0.77,0.001,0.5,0.667,0.5,0.167,0.167,0.167,0,0.167,0,0,-1.123,0.789
Dominica,81,0.81,NA,NA,NA,NA,NA,NA,NA,NA,NA,NA,NA,NA,NA,NA,NA,NA,NA,NA,NA,NA,NA,NA,NA,NA,NA,NA,NA,NA,NA,NA,NA,NA,NA,NA,NA,NA,NA,NA,NA,NA,NA,NA,NA,NA,NA,NA,NA,NA,NA
Dominican Republic,85,0.85,DOM,114,2021,0.465,0.379,2.048,2.452,2.375,1.768,2.802,-1.576,0.167,0.167,0.667,0,0.667,0.333,0.667,0.333,0,0,0,0.167,0,0.985,2.182,1.586,-0.71,2.341,1.208,1.742,1.765,1.307,1.983,1.12,0.673,1.053,0.667,0.5,0.833,0.167,0,0,0.167,0,0,0,2.584,-0.448
Ecuador,76,0.76,ECU,75,2021,0.449,0.38,2.505,2.689,2.742,1.132,-0.213,-0.542,0.286,0.571,0.143,0.143,0.571,0.143,0.571,0,0.286,0.143,0,0,0.143,-0.156,0.589,-0.317,-0.551,-0.262,-1.178,0.869,0.784,-0.525,-0.995,-0.418,0.911,1.073,0.4,0.6,1,1,0.6,0.2,0,0,0,0,0.296,-0.355
Egypt,72,0.72,EGY,13,2021,0.118,0.085,-1.453,-2.102,-1.63,-1.367,-1.33,-1.416,0.4,0,0.6,0.6,0.2,0.4,0.6,0.2,0.6,0,0.8,0.2,0.2,-1.11,-0.963,-2.381,0.743,-2.347,0.889,-0.323,-0.677,-1.617,-1.216,-1.192,-0.44,-1.345,0.6,0.4,0.8,1,0.4,0,0,0.2,0,0,-2.322,-1.365
El Salvador,63,0.63,SLV,22,2021,0.187,0.216,0.583,0.275,-0.162,0.77,0.568,-1.896,0.5,1,0,0,0,0,0.5,0.5,0,0,0,0,0,0.93,-0.464,-1.397,-1.311,1.735,-2.07,1.858,1.776,0.429,0.948,-0.024,0.647,0.834,0.75,1,1,0.25,0,0.25,0.5,0,0,0,0.291,-0.566
Equatorial Guinea,54,0.54,GNQ,160,2021,0.053,0.115,-0.715,-0.812,-0.808,-1.383,-1.61,-1.042,0.333,0.667,0.333,0,0.667,0,0.333,0.333,0.333,0.333,0.333,0,0,-2.732,-2.005,-1.001,0.985,-1.302,1.277,-1.099,-2.078,-2.883,-1.672,-2.008,-0.761,-1.509,0.4,0.2,0,0,0,0,0,0,0,0.4,-2.654,-0.795
Eritrea,22,0.22,ERI,115,2021,0.01,0.116,-1.634,-1.538,-1.747,-1.692,-1.999,-1.364,0,0,0,1,0,0.5,0,0,1,0.5,0.5,0,0,-1.432,-2.374,-2.919,-1.402,-1.831,0.544,-1.927,-1.58,-1.502,-1.649,-1.962,-2.594,-2.2,0,0,0.167,0,0,0,0.167,0,0.333,0.667,-2.836,0.589
Estonia,91,0.91,EST,161,2021,0.845,0.8,2.936,2.449,2.366,2.831,2.969,-2.1,1,0,1,0,0,0,0,1,1,1,0,0,0,1.952,2.945,1.938,0.852,2.195,1.053,1.712,1.741,1.495,1.863,1.686,1.225,0.981,1,0.6,1,0.4,0,0,0,0,0,0,2.449,0.555
Eswatini,59,0.59,SWZ,132,2021,0.096,0.068,-0.976,-2.012,-2.176,-2.124,-1.961,0.56,0.625,0.25,1,0.125,0.5,0,0,0.125,0.125,0,0.25,0,0,-2.379,-0.641,-0.798,-0.091,-0.182,0.117,-1.9,-1.831,-1.916,-1.403,0.058,0.927,-0.158,0.75,0.25,1,1,0.5,0.25,0.25,0,0,0,-1.487,-0.938
Ethiopia,17,0.17,ETH,38,2021,0.144,0.228,-0.076,0.069,0.182,1.055,0.353,0.558,0.333,0.111,0.667,0.111,0.444,0.111,0,0,0.667,0.556,0.333,0.111,0,-0.934,-0.332,-1.581,-0.522,-2.5,0.306,-2.286,-2.59,-0.994,-1.595,1.531,0.11,0.446,0.333,0.333,0.5,0.5,0.5,0.833,0.5,0.333,0.167,0,-1.142,-1.432
Fiji,88,0.88,FJI,162,2021,0.27,0.287,1.985,0.152,0.07,1.107,0.851,-0.734,0.4,0.2,0.4,0,1,0.2,0,0,0.8,0.2,0.8,0,0,-0.261,0.017,0.66,-0.699,0.617,-1.072,0.958,0.891,-0.41,-0.061,-0.231,-0.688,0.114,1,0.5,0.5,0.25,0,0,0,0,0,0.25,0.619,-0.373
Finland,93,0.93,FIN,163,2021,0.828,0.785,3.153,2.512,2.882,1.5,2.537,-1.267,0,0.4,0.6,0,0,0.6,0.2,1,0.2,0,0,0,0,1.977,3.201,2.681,-0.653,2.292,-1.296,1.732,1.752,1.853,1.888,2.156,1.669,1.842,1,0.5,0.667,0.333,0,0,0,0,0,0,2.523,2.076
France,86,0.86,FRA,76,2021,0.791,0.764,2.732,2.368,2.363,1.444,1.404,0.067,0.333,0.333,0.667,0,0.333,0.333,0.5,0.667,0,0.167,0.5,0,0,0.886,2.788,1.09,1.202,1.232,-0.68,1.194,1.198,1.158,0.477,1.177,1.77,-0.091,1,0.333,1,0.833,0.333,0.167,0.167,0,0,0,1.221,-0.976
Gabon,72,0.72,GAB,116,2021,0.206,0.296,2.335,1.571,1.28,1.188,0.947,1.881,0.8,0.6,0.2,0,0.8,0,0.2,0.2,0,0,0,0,0,0.801,1.078,-1.046,0.693,0.344,1.504,-1.754,-0.937,-0.05,0.129,-0.839,1.083,0.687,0.6,0,0.8,1,0,0,0,0,0,0,-2.017,-0.471
The Gambia,33,0.33,GMB,117,2021,0.419,0.352,2.696,1.276,1.318,1.693,2.239,-1.743,0.5,0.5,0,0,1,0,0.25,0,0,0,0.25,0,0,0.887,0.73,0.698,0.534,1.058,1.044,1.363,1.626,1.204,1.295,-0.274,0.163,0.665,0.625,0.75,0.625,0.375,0.125,0,0,0,0,0,0.509,1.953
Georgia,76,0.76,GEO,118,2021,0.497,0.509,2.145,1.492,1.735,2.595,1.862,-0.506,0.333,0.333,0.222,0.111,0.556,0.111,0,0.222,0,0,0.111,0,0,1.93,1.378,-0.776,0.522,1.19,-0.846,1.957,1.888,-0.089,1.043,0.887,1.386,1.47,0.8,0.4,1,0,0,0,0,0,0,0,1.233,-1.39
Germany,91,0.91,DEU,77,2021,0.823,0.809,3.297,2.991,2.731,1.118,3.087,-0.704,0.4,0.4,0.4,0,0,0.4,0,0.8,0,0,0,0,0,0.902,2.336,2.148,0.766,1.301,-0.182,1.844,1.354,0.705,0.66,1.659,1.899,1.124,0.333,0.5,1,0.333,0.167,0,0.167,0.167,0,0.167,2.107,-0.059
Ghana,68,0.68,GHA,7,2021,0.56,0.484,1.688,1.536,0.932,2.314,2.701,-0.379,0,0.333,0.5,0.167,0.667,0,0.333,0,0.333,0.333,0,0.167,0,1.747,0.447,1.275,2.413,1.195,1.49,1.336,1.714,0.952,1.86,-0.433,0.744,0.818,0.8,0.8,1,0.6,0,0,0,0,0,0,0.818,-1.629
Greece,78,0.78,GRC,164,2021,0.655,0.666,2.008,1.981,2.052,2.481,2.385,-0.475,0,0,0.4,0.2,0,0.2,0.8,0.4,0,0,0,0,0,0.804,0.9,0.923,0.271,1.901,-0.119,1.794,1.75,1.505,1.681,2.425,-0.153,-0.57,1,0.5,1,0.5,0.5,0,0,0,0,0,2.445,-0.759
Grenada,78,0.78,NA,NA,NA,NA,NA,NA,NA,NA,NA,NA,NA,NA,NA,NA,NA,NA,NA,NA,NA,NA,NA,NA,NA,NA,NA,NA,NA,NA,NA,NA,NA,NA,NA,NA,NA,NA,NA,NA,NA,NA,NA,NA,NA,NA,NA,NA,NA,NA,NA
Guatemala,51,0.51,GTM,78,2021,0.313,0.199,0.618,1.042,0.884,0.864,0.34,-0.63,0.5,1,0.25,0.25,0.5,0,1,0.25,0.5,0.25,0,0,0,0.754,0.196,-1.424,-0.959,1.495,-1.317,1.742,1.787,0.308,2.15,-1.345,0.539,-0.068,0.667,0.5,1,0.333,0.167,0,0,0,0,0,1.01,-1.283
Guinea,35,0.35,GIN,63,2021,0.103,0.158,-1.008,-1.343,-0.687,0.3,-0.285,2.393,0.4,0.4,0.6,0,0.4,0.2,0,0.2,0.2,0,0,0,0,-1.224,0.147,-1.042,-0.241,-0.854,0.401,-1.528,-0.505,0.087,-2.303,-0.604,0.49,1.339,0.25,0.5,1,0.5,0.75,0,0,0,0.25,0,-1.983,-2.028
Guinea-Bissau,35,0.35,GNB,119,2021,0.329,0.31,1.643,1.365,1.111,0.767,0.5,-1.129,0,0,1,0,0,1,0,0,0,0,0,0,1,0.871,0.156,0.435,-1.27,0.548,-0.792,-0.174,0.259,0.228,0.777,-1,-0.183,-1.315,0.5,0.25,0.5,0.25,0,0,0.25,0,0,0,-0.002,-0.014
Guyana,85,0.85,GUY,166,2021,0.37,0.392,2.079,1.955,1.634,2.237,1.337,-1.649,0.5,0,0.5,0,0.5,0,0.5,0.5,0.5,0,0,0,0,1.604,1.476,-0.788,-0.164,1.403,-0.108,1.714,1.171,-0.24,0.668,-0.483,0.369,1.225,1,0.5,0.5,0.5,0,0,0,0,0,0,0.777,-2.055
Haiti,39,0.39,HTI,26,2021,0.214,0.101,0.378,1.072,1.247,1.213,0.266,1.158,0.25,0,0,0.25,0.75,0,0.25,0,0,0.25,0.25,0.5,0.25,1.009,0.144,-1.709,-2.436,1.424,-1.021,0.503,1.653,1.07,1.835,-0.87,-0.306,-0.402,0.25,0.25,1,0.5,0.25,0.25,0,0,0,0,-0.274,-1.641
Honduras,48,0.48,HND,27,2021,0.252,0.16,0.305,1.746,1.764,2.28,1.735,0.058,1,0.5,0.5,0.25,1,0,0.75,0,0.5,0,0,0,0.25,1.295,0.229,-0.852,-0.592,0.416,0.764,1.75,1.691,-0.416,0.527,-1.032,1.308,0.787,1,1,1,0.6,0.4,0.2,0.2,0,0,0.2,1.795,-2.301
Hong Kong,93,0.93,HKG,167,2021,0.153,0.206,2.492,-0.3,-0.167,-0.949,-1.286,-0.817,0.143,0.143,0.714,0,0.143,0.143,0,0.143,0,0.286,0,0,0,-0.649,-1.747,-2.73,-0.88,-0.813,-0.215,0.564,0.753,-0.062,-1.846,1.384,-0.59,0.697,1,0.5,0,0,0,0,0,0,0,0,-1.344,-1.844
Hungary,89,0.89,HUN,210,2021,0.35,0.328,3.141,1.727,1.727,0.356,0.055,-0.307,0.857,0.286,0.143,0,0.714,0.143,0.429,0.286,0,0,0,0,0,1.849,0.557,-1.051,0.452,1.145,-0.019,1.838,1.869,0.506,1.099,0.236,1.024,0.844,1,0.667,1,0.333,0,0,0,0,0,0,1.641,-2.986
Iceland,100,1,ISL,168,2021,0.743,0.738,3.246,2.125,2.113,1.861,2.853,-1.52,1,1,0.333,0,1,0,1,1,0,0,0,0,0,1.968,1.388,1.795,1.866,1.969,1.997,1.531,1.492,2.484,1.748,2.582,2.045,0.271,1,0.667,0.667,0.333,0,0,0,0,0,0,2.285,0.507
India,46,0.46,IND,39,2021,0.332,0.258,0.367,0.745,0.692,-0.346,-1.161,0.129,0.5,0.5,0.5,0.5,0.25,0.375,0.75,0.25,0.375,0.5,0.375,0.125,0.125,-0.587,-0.284,-1.095,1.642,-1.428,1.612,-1.972,-1.353,-0.94,-0.809,0.934,1.928,1.156,0.727,0.455,0.909,0.818,0.818,0.364,0.818,0.455,0.636,0.091,-0.932,-1.364
Indonesia,62,0.62,IDN,56,2021,0.413,0.306,1.252,1.273,1.248,0.778,0.632,0.182,0.2,0,0.2,0.2,0.4,0,0,0.4,0.2,0.6,0.8,0,0,0.348,0.354,-0.028,1.843,0.016,-0.279,0.238,0.27,-0.884,0.288,2.113,0.89,1.584,0.6,0.6,1,0.8,0.2,0,0.4,0.2,0,0,0.734,-0.3
Iran,79,0.79,IRN,79,2021,0.116,0.166,-0.677,-0.332,-0.563,-1.44,-1.636,-1.187,0.2,0.4,0.2,0.6,0.2,0,0.6,0.2,0.6,0.6,0.4,0.2,0,-1.848,-1.29,-2.193,2.311,-2.393,0.762,-1.381,-2.391,-1.858,-1.725,-1.052,0.777,0.954,0.714,1,1,0.429,0.286,0.143,0,0.286,0.143,0.143,-1.254,-1.094
Iraq,49,0.49,IRQ,80,2021,0.218,0.188,-0.882,-0.373,-0.873,-0.027,0.287,0.485,0.2,0.4,0.6,0.2,0.2,0.4,0,0.2,0.4,0.6,0.6,0.6,0.4,-0.038,-1.004,-2.235,0.626,0.257,0.026,-0.185,0.123,-0.092,0.047,0.845,2.176,1.653,0.333,0.667,1,1,0.333,0.333,0.333,0.333,0,0,0.039,-2.482
Ireland,95,0.95,IRL,81,2021,0.832,0.797,2.932,2.94,2.893,2.247,3.044,-1.167,1,0.667,0.333,0,0.667,0,0.333,0.333,0,0,0,0.333,0.333,2.03,2.835,1.82,-0.71,2.391,-1.622,1.758,0.888,1.207,2.083,1.1,1.204,2.153,0.8,1,0.8,0.4,0,0,0.2,0,0,0,1.199,0.178
Israel,90,0.9,ISR,169,2021,0.651,0.601,1.894,2.06,2.136,0.987,1.437,-0.503,0.75,0.5,0,0,0.5,0.25,0.25,0.5,0.25,0.5,0.75,0,0,1.061,1.622,0.382,-0.655,0.303,-0.417,0.831,1.356,-1.052,0.4,2.21,2.233,2.091,1,0.75,1,0.5,0.25,0,0,0,0,0,1.335,-1.303
Italy,75,0.75,ITA,82,2021,0.768,0.781,2.552,2.674,2.845,1.857,2.735,-1.292,0.667,0.667,0.333,0,0.333,0.333,0.667,0.667,0.333,0.333,0.333,0,0,2.015,2.522,1.679,0.687,1.569,-0.981,1.038,1.88,2.311,1.976,1.583,1.472,1.827,0.8,0.6,1,0.4,0.2,0,0,0,0,0,2.584,-0.804
Jamaica,82,0.82,JAM,120,2021,0.693,0.664,0.996,2.605,2.67,2.663,2.383,-2.485,0,1,1,0,0,0,0,0,0,0,0,0,0,2.07,1.582,2.109,-1.852,2.148,-2.587,1.643,1.705,0.094,1.854,-0.002,-0.89,0.948,0.75,1,0.75,0.75,0.25,0,0,0,0,0.25,0.779,0.256
Japan,83,0.83,JPN,9,2021,0.739,0.762,3.118,2.244,1.521,2.989,2.941,-2.042,NA,NA,NA,NA,NA,NA,NA,NA,NA,NA,NA,NA,NA,1.963,1.779,0.797,0.859,1.884,-0.39,1.813,1.896,1.624,1.711,1.936,0.334,-0.37,1,0.75,0.75,0,0,0,0,0,0,0,2.243,1.718
Jordan,83,0.83,JOR,83,2021,0.255,0.209,1.099,0.591,0.894,0.254,0.16,-1.864,0.5,0.5,0,0,0,0,0.5,0,0,0,0.5,0,0,-0.167,-0.009,-1.311,2.174,-0.911,2.068,0.308,0.448,-1.024,-0.942,0.227,-1.357,-1.022,0.667,0.667,0.667,0.5,0,0,0.167,0,0,0,0.067,-0.034
Kazakhstan,91,0.91,KAZ,121,2021,0.127,0.205,1.145,0.095,0.135,-0.448,-0.098,-0.846,0.167,0,0.5,0,0.333,0.333,0,0,0.5,0.167,0.667,0,0,-1.112,-0.063,-1.622,1.913,-1.593,2.119,-1.105,-1.405,-0.839,-1.212,0.034,0.146,0.1,0.429,0.286,0.857,0.571,0.286,0.143,0,0,0,0,-0.863,0.688
Kenya,29,0.29,KEN,40,2021,0.403,0.316,0.412,2.026,1.333,2.152,0.854,-0.943,0.5,0.667,0.667,0,0.333,0.167,0,0,0.333,0,0.167,0.167,0,1.053,0.869,-0.562,1.221,0.855,0.386,1.355,1.294,-0.535,0.302,0.976,-0.276,-0.33,0.571,1,0.857,0.571,0.143,0,0.143,0,0.143,0,0.325,-0.111
Kiribati,54,0.54,NA,NA,NA,NA,NA,NA,NA,NA,NA,NA,NA,NA,NA,NA,NA,NA,NA,NA,NA,NA,NA,NA,NA,NA,NA,NA,NA,NA,NA,NA,NA,NA,NA,NA,NA,NA,NA,NA,NA,NA,NA,NA,NA,NA,NA,NA,NA,NA,NA
Korea (Rep. of),98,0.98,NA,NA,NA,NA,NA,NA,NA,NA,NA,NA,NA,NA,NA,NA,NA,NA,NA,NA,NA,NA,NA,NA,NA,NA,NA,NA,NA,NA,NA,NA,NA,NA,NA,NA,NA,NA,NA,NA,NA,NA,NA,NA,NA,NA,NA,NA,NA,NA,NA
Kuwait,100,1,KWT,171,2021,0.29,0.243,1.78,0.28,0.093,-0.147,0.298,-1.374,0.6,0.6,0.4,0,0.2,0,0,0.2,0.2,0,0.2,0,0,-0.486,0.584,-0.605,1.665,-0.4,2.141,0.994,1.481,-0.804,-0.982,1.293,0.38,-0.956,0.833,0.833,0.333,0,0.167,0.167,0,0,0,0,-0.343,-0.666
Kyrgyzstan,78,0.78,KGZ,122,2021,0.257,0.24,2.126,0.813,0.62,0.607,0.292,0.489,0.444,0.333,0.444,0,0.667,0.222,0,0,0,0,0.333,0,0,0.362,0.338,-0.567,-0.717,0.359,0.715,1.417,1.126,0.358,0.54,0.385,1.58,0.172,0.667,0.833,1,0,0.167,0.167,0,0,0,0.167,-0.349,-0.565
Laos,62,0.62,LAO,123,2021,0.099,0.125,-1.779,-2.589,-2.122,-1.394,-1.073,-1.642,0.333,0,0,0.667,0.333,0,0,0.333,1,0,0.333,0,0,-1.407,-2.445,-0.728,-0.744,-0.972,-1.019,0.925,0.766,-1.458,-1.072,-1.329,-2.225,-1.264,0.2,0.4,0.4,0.2,0,0,0,0,0,0.4,-2.028,1.855
Latvia,91,0.91,LVA,84,2021,0.735,0.698,2.421,2.81,2.763,2.533,2.652,-0.449,0.5,0.5,0.5,0,0.5,0,0.5,0,0.25,0,0,0,0,1.733,1.858,2.848,-0.47,2.123,-2.072,1.811,1.759,1.859,2.052,1.335,1.644,1.981,1,0.571,0.714,0.286,0,0,0,0,0,0,2.481,0.342
Lebanon,87,0.87,LBN,44,2021,0.265,0.263,0.567,0.938,0.663,1.534,0.852,0.947,0.444,0.444,0.556,0.333,0.556,0.222,0.556,0.222,0.111,0.111,0.556,0.333,0.333,0.658,0.368,-1.429,0.822,0.259,0.461,-0.611,-0.582,-0.833,-0.906,1.464,2.88,1.5,0.778,0.556,1,0.667,0.333,0.222,0.222,0.222,0,0,-1.107,-1.848
Lesotho,48,0.48,LSO,85,2021,0.505,0.497,0.989,1.659,1.36,1.775,1.135,-1.314,0.25,0.25,0.25,0.25,0.5,0,0,0,0,0,0.25,0,0,1.147,0.135,-0.305,-1.255,0.655,-0.888,1.176,1.071,-0.164,0.109,-0.617,1.163,1.548,0.625,0.625,0.625,0.5,0.25,0.25,0,0.125,0.125,0.125,0.477,-0.922
Liberia,34,0.34,LBR,86,2021,0.461,0.412,1.391,2.251,2.221,2.648,1.924,-0.173,0.5,0.25,0.25,0,0.75,0,0,0,0,0,0,0,0,0.483,0.782,-0.668,0.221,0.716,1.383,0.313,0.761,0.879,0.482,1.225,1.759,0.437,0.5,1,0.75,0,0.25,0,0.25,0,0,0,-0.364,1.055
Liechtenstein,96,0.96,NA,NA,NA,NA,NA,NA,NA,NA,NA,NA,NA,NA,NA,NA,NA,NA,NA,NA,NA,NA,NA,NA,NA,NA,NA,NA,NA,NA,NA,NA,NA,NA,NA,NA,NA,NA,NA,NA,NA,NA,NA,NA,NA,NA,NA,NA,NA,NA,NA
Lithuania,87,0.87,LTU,173,2021,0.738,0.689,2.883,1.425,1.316,1.436,2.217,-1.147,0.4,0.2,0.6,0,0.2,0.2,0.2,0.4,0,0,0.2,0,0,1.982,2.447,1.916,-0.319,2.51,-1.961,1.773,1.838,2.004,2.036,1.702,0.447,-0.534,0.714,0.571,0.857,0.714,0.056,0,0,0,0,0,2.081,1.137
Luxembourg,99,0.99,LUX,174,2021,0.794,0.821,2.39,2.851,2.052,2.856,2.825,-2.726,0,1,0,0,1,0,0,0,0,0,0,0,0,1.808,2.04,1.263,0.968,2.439,0.663,1.794,1.77,1.644,1.911,1.685,-0.119,-1.815,0.75,0.25,0.75,0.5,0.25,0,0,0,0,0,1.688,1.456
"Macao, China",88,0.88,NA,NA,NA,NA,NA,NA,NA,NA,NA,NA,NA,NA,NA,NA,NA,NA,NA,NA,NA,NA,NA,NA,NA,NA,NA,NA,NA,NA,NA,NA,NA,NA,NA,NA,NA,NA,NA,NA,NA,NA,NA,NA,NA,NA,NA,NA,NA,NA,NA
Madagascar,20,0.2,MDG,125,2021,0.26,0.218,0.816,0.601,0.929,2.818,1.955,0.832,0.667,0.167,0.5,0,0.667,0.167,0.333,0.5,0.167,0,0.167,0,0,0.53,0.37,-0.596,-1.004,1.138,0.277,0.835,1.151,-0.264,0.859,-1.92,-0.092,1.296,0.8,0.6,0.8,0.4,0.2,0,0,0,0,0,-0.255,-0.889
Malawi,24,0.24,MWI,87,2021,0.536,0.374,1.637,1.805,1.013,1.356,1.415,-1.633,0.333,0,0.667,0.333,0.667,0,0,0,0,0,0.333,0,0,1.045,1,0.027,-0.633,1.455,-0.127,1.017,1.9,-0.259,0.73,-0.588,-0.42,0.03,0.375,0.625,0.875,0.5,0.5,0.125,0,0,0,0.25,0.598,1.365
Malaysia,97,0.97,MYS,177,2021,0.29,0.316,2.498,0.173,0.845,0.919,0.85,1.35,0.6,0,0.6,0,0.6,0.4,0.2,0.4,0.2,0.2,0.4,0,0,0.186,0.426,0.167,0.975,0.5,1.029,1.306,0.587,-0.264,0.097,1.501,1.593,2.029,1,0.6,1,0.2,0,0,0,0,0,0,-0.297,0.174
Maldives,86,0.86,MDV,88,2021,0.441,0.416,1.855,1.841,1.483,0.123,0.669,0.112,0,0.167,0.167,0.167,0.167,0.167,0,0.167,0.167,0.167,0.833,0,0.167,-0.277,1.881,1.075,1.419,-0.147,0.82,0.438,0.158,-0.278,0.352,0.02,0.901,1.837,0.4,0.6,1,0.8,0.2,0,0.2,0,0,0,0.093,-0.549
Mali,34,0.34,MLI,28,2021,0.161,0.183,1.284,1.207,1.088,1.134,0.32,0.527,0,0,0.5,1,0.5,0.5,0.5,0,0.5,0.5,1,0,0.5,-0.178,0.925,1.127,-0.158,-0.296,0.927,-1.309,-1.21,-0.625,-0.148,-1.502,0.347,0.532,0.4,0,0.8,0.4,0,0.2,0.2,0.2,0,0.2,-1.212,-0.751
Malta,87,0.87,MLT,178,2021,0.64,0.688,2.264,1.746,1.799,2.645,2.022,-1.916,1,0.5,0.5,0,0.5,0,0.5,0.5,0,0,0,0,0,1.933,0.555,-0.584,-0.99,1.444,-1.067,1.652,1.686,-0.009,1.815,1.091,1.569,1.839,0.5,0.75,0.5,0.5,0,0,0,0,0,0,1.605,-1.158
Mauritania,59,0.59,MRT,65,2021,0.167,0.125,1.697,0.967,0.86,0.695,0.724,-0.027,0.333,0.667,0.667,0,1,0.333,0.333,0,0.667,0,0.667,0,0,0.385,0.382,-0.379,0.143,0.187,1.541,0.644,0.456,-1.481,-0.226,-0.625,1.195,1.328,0.75,1,0.75,0.25,0,0,0,0,0,0,-1.128,-1.178
Mauritius,68,0.68,MUS,180,2021,0.435,0.426,0.871,0.839,1.413,1.643,1.132,1.491,0.833,0.667,0.333,0.167,0.667,0,0.333,0,0.333,0.167,0.333,0,0,0.694,0.495,-0.789,1.798,0.236,0.439,1.226,0.894,-1.299,-0.569,1.944,1.095,1.84,0.714,0.286,0.857,0.714,0.143,0.143,0,0,0,0.143,-1.023,-0.019
Mexico,76,0.76,MEX,3,2021,0.371,0.331,0.7,1.681,0.972,1.185,0.766,-1.557,0.167,0.167,0.5,0,0.167,0,0.167,0,0,0,0,0,0.333,1.847,0.004,-1.536,-0.311,2.245,-1.579,1.791,1.852,0.4,0.925,0.455,1.397,-1.243,1,0.833,0.833,0,0.167,0,0,0,0,0.167,0.954,-1.639
Micronesia,40,0.4,NA,NA,NA,NA,NA,NA,NA,NA,NA,NA,NA,NA,NA,NA,NA,NA,NA,NA,NA,NA,NA,NA,NA,NA,NA,NA,NA,NA,NA,NA,NA,NA,NA,NA,NA,NA,NA,NA,NA,NA,NA,NA,NA,NA,NA,NA,NA,NA,NA
Moldova,61,0.61,MDA,126,2021,0.616,0.573,1.797,1.835,1.653,1.637,2.112,0.901,0.5,0.25,0.25,0,0.75,0.25,0,0.25,0,0.25,0,0,0,1.039,1.766,1.697,0.594,0.551,-0.68,1.725,1.672,1.126,1.729,0.728,1.11,0.129,0.8,0.6,0.8,0.2,0,0,0,0,0,0,1.328,0.23
Monaco,86,0.86,NA,NA,NA,NA,NA,NA,NA,NA,NA,NA,NA,NA,NA,NA,NA,NA,NA,NA,NA,NA,NA,NA,NA,NA,NA,NA,NA,NA,NA,NA,NA,NA,NA,NA,NA,NA,NA,NA,NA,NA,NA,NA,NA,NA,NA,NA,NA,NA,NA
Mongolia,84,0.84,MNG,89,2021,0.491,0.431,3.005,2.872,2.723,1.548,0.699,-2.25,0.5,1,0.5,0,1,0,0,0,0,0.5,0,0,0,0.737,1.02,0.58,0.317,1.479,-0.838,1.625,1.851,1.393,1.151,0.552,1.492,0.34,0.6,0.8,1,0.4,0.2,0,0,0,0,0,0.911,0.184
Montenegro,82,0.82,MNE,183,2021,0.41,0.411,2.319,2.074,1.509,2.004,1.404,-0.809,0.6,0,0.2,0.2,0.4,0.2,0,0.2,0.2,0,0,0,0,1.423,0.721,-0.502,-0.567,1.866,-1.742,1.694,1.484,-0.266,0.987,1.029,0.321,0.053,0.8,0.6,1,0.4,0,0,0,0,0,0.2,0.677,-2.475
Morocco,88,0.88,MAR,90,2021,0.24,0.209,1.726,-0.033,0.97,-0.123,-0.541,0.054,0.667,0.333,0.667,0,0.667,0,0,0,0,0,0.333,0,0,0.775,0.698,-0.843,1.012,-0.665,0.255,-1.056,-1.242,-0.89,-0.689,0.262,0.524,-0.009,0.6,0.8,0.8,0.4,0,0.2,0.2,0,0,0,-1.001,1.175
Mozambique,17,0.17,MOZ,57,2021,0.237,0.234,0.032,0.582,0.351,1.206,0.397,-0.155,0.4,0.6,0.6,0.4,0.6,0.2,0,0,0,0.4,0.4,0.2,0.2,0.809,0.296,-0.485,-0.725,1.155,1.313,1.836,1.803,0.521,0.926,-0.405,-0.554,0.386,0.429,0.429,0.429,0.143,0,0.143,0.143,0.571,0,0.143,0.536,-0.918
Burma/Myanmar,44,0.44,MMR,10,2021,0.05,0.066,-1.861,-2.137,-2.46,-1.379,-1.317,3.172,0.25,0,0.5,0.75,0.75,0.25,0,0,0.5,0,0.25,0,0.25,-2.061,-1.534,-2.988,1.757,-1.344,1.991,-2.556,-2.945,-2.188,-2.963,-0.442,1.083,0.945,0.5,0,0.833,0.5,0,0.5,0,0,0,0,-2.92,-1.684
Namibia,53,0.53,NAM,127,2021,0.513,0.344,2.395,1.485,1.503,2.534,2.477,-0.756,0.25,0.5,0.75,0,0.5,0,0.5,0,0,0.25,0,0,0,1.433,1.02,0.216,0.393,1.873,2.131,1.341,1.752,-0.249,1.272,-0.022,1.004,1.508,0.75,0.75,1,0.5,0,0,0,0,0,0,1.187,0.361
Nauru,84,0.84,NA,NA,NA,NA,NA,NA,NA,NA,NA,NA,NA,NA,NA,NA,NA,NA,NA,NA,NA,NA,NA,NA,NA,NA,NA,NA,NA,NA,NA,NA,NA,NA,NA,NA,NA,NA,NA,NA,NA,NA,NA,NA,NA,NA,NA,NA,NA,NA,NA
Nepal,52,0.52,NPL,58,2021,0.478,0.383,0.838,1.309,1.33,1.605,1.308,-0.438,0.4,0.4,0.3,0.2,0.5,0.2,0.3,0,0.4,0.4,0.4,0.1,0.2,0.703,1.265,-0.904,0.571,-0.348,-0.229,-0.255,-0.384,-0.21,-1.15,-0.308,0.402,0.151,0.625,0.625,0.875,0.75,0.5,0.125,0.375,0.125,0,0,-0.522,-2.088
Netherlands,92,0.92,NLD,91,2021,0.81,0.783,2.501,2.234,1.832,1.998,2.528,-0.663,0.25,1,0.5,0,0.5,0.5,0,0.75,0.25,0,0.25,0,0.25,2.057,1.784,1.746,-0.151,2.307,-1.025,1.828,1.903,1.167,2.151,2.485,2.388,2.219,1,0.833,1,0.5,0.5,0.167,0.167,0,0,0,1.636,-0.223
New Zealand,96,0.96,NZL,185,2021,0.827,0.783,3.251,2.979,3.032,2.561,2.602,-1.355,0.5,0.5,1,0.5,0.5,0,0.5,0,0.5,0,0,0,0,1.96,2.127,2.098,0.767,1.105,0.7,1.74,1.777,0.634,1.516,1.899,1.41,3.157,0.8,1,0.8,0.4,0.2,0,0,0,0,0.2,2.483,0.78
Nicaragua,57,0.57,NIC,59,2021,0.037,0.094,-1.361,-2.679,-1.909,-1.987,-2.247,0.109,0.143,0.143,0.286,0,0.857,0.143,0.143,0.143,0.143,0,0.143,0,0,-2.478,-1.436,-3.275,2.148,-3.159,0.286,-1.224,-1.594,-2.273,-2.309,-0.61,0.864,-0.264,0.25,0.5,0.75,0.25,0.5,0.25,0,0,0,0,-2.57,-1.384
Niger,22,0.22,NER,60,2021,0.398,0.358,1.563,1.288,1.569,1.567,1.256,0.349,0.5,0.5,0.167,0.167,0.333,0.167,0,0,0,0,0.167,0,0.167,0.222,1.138,-0.711,-0.889,-0.549,0.291,-0.454,-0.7,0.415,0.06,-0.015,-0.467,0.353,0.5,0.5,0.667,0.333,0.167,0.167,0.167,0.167,0,0,-1.006,-0.576
Nigeria,55,0.55,NGA,45,2021,0.329,0.266,-0.514,1.276,1.376,1.415,0.523,1.874,0.357,0.071,0.286,0.429,0.429,0.214,0,0,0.429,0.5,0.357,0.214,0.286,0.178,0.236,0.375,0.372,-0.711,-0.374,1.015,0.562,-0.895,0.317,1.737,1.367,0.56,0.7,0.9,0.8,0.5,0.3,0.2,0.1,0.2,0,0,-1.115,-1.659
North Macedonia,83,0.83,MKD,176,2021,0.389,0.388,2.275,0.986,1.109,1.677,2.505,-0.9,0.5,0.5,0.125,0,0.5,0.375,0.375,0.125,0.375,0.25,0.125,0,0,1.711,0.853,-0.189,-0.754,0.637,-0.785,1.636,1.748,-0.491,0.836,0.687,0.659,0.644,0.9,1,0.9,0.7,0.3,0.1,0.1,0.1,0,0,1.153,-1.47
Norway,99,0.99,NOR,186,2021,0.86,0.862,3.237,2.315,1.572,2.974,2.779,-2.166,0.5,0.5,0.5,0,0.5,0.5,0.5,1,0,0,0,0,0,2.002,2.963,2.597,-0.819,2.383,-0.893,1.579,1.881,2.073,2.016,2.084,1.309,1.545,1,1,0.667,0.333,0,0,0,0,0,0,2.629,0.899
Oman,96,0.96,OMN,187,2021,0.138,0.185,1.327,-0.634,-0.866,-1.145,-0.984,-1.23,0.75,0.5,0.25,0,1,0,0.25,0.25,0.5,0,0.5,0,0,-1.714,-1.198,-0.277,0.98,-2.094,1.236,-0.55,-0.59,-1.788,-1.357,0.144,-0.654,-2.269,0.6,0.2,0.4,0.4,0,0,0,0,0,0.2,-1.693,1.576
Pakistan,21,0.21,PAK,29,2021,0.266,0.182,-0.093,0.462,0.589,1.093,0.235,-0.064,0.143,0.571,0.571,0.143,0.286,0,0.143,0.571,0.286,0.143,0.429,0,0,-1.153,-0.971,-1.18,0.92,-1.348,1.805,-0.341,0.041,-1.299,-0.491,-0.367,-0.192,0.765,0.5,0.625,0.875,0.5,0.375,0,0.5,0,0.125,0.125,-0.242,-0.646
Panama,68,0.68,PAN,92,2021,0.552,0.45,2.545,2.233,1.827,1.642,1.709,-1.012,0.667,0.333,1,0,0.667,0,0.333,0,0,0,0,0,0,1.983,1.222,0.98,-0.137,0.923,-0.738,1.76,1.772,1.338,1.504,2.604,1.523,0.137,0.667,0.833,0.833,0.5,0,0,0,0,0,0,1.644,0.805
Papua New Guinea,32,0.32,PNG,93,2021,0.342,0.239,1.502,1.627,1.3,2.579,2.236,-1.535,1,0.5,0,0,0.5,0,0,0,0.5,0.5,0.5,0.5,0,1.708,0.548,1.162,-1.598,1.653,-0.944,1.282,1.435,0.722,1.216,-0.881,-0.319,-0.864,0.75,0.5,1,0.5,0,0,0.25,0,0,0.25,1.744,1.316
Paraguay,77,0.77,PRY,189,2021,0.43,0.253,1.542,1.397,1.165,1.797,1.165,-0.806,0,0,0,0,0,0,1,0,0.5,0,0,0.5,0.5,1.311,0.242,0.01,-2.421,2.051,-2.039,1.476,1.677,1.824,1.753,0.046,1.317,-0.408,0.833,0.667,1,0.5,0.167,0.333,0,0,0,0,1.064,0.852
Peru,71,0.71,PER,30,2021,0.661,0.5,2.401,2.457,1.578,2.078,1.904,-0.09,0.2,0.6,1,0,0.2,0.4,0.2,0.4,0,0,0.2,0,0,1.111,0.79,0.311,-0.613,1.865,-1.133,1.401,1.468,2.075,1.511,1.721,0.414,0.385,0.5,0.75,1,0.75,0.25,0,0.25,0,0,0,2.168,-1.468
Philippines,53,0.53,PHL,46,2021,0.28,0.187,-1.076,0.255,0.021,1.486,0.215,0.758,0.333,0.833,1,0.333,0.667,0.333,0.833,0.167,0.333,0.833,0.333,0.5,0.333,0.742,-0.775,-2.095,-0.83,0.472,-1.363,-0.206,0.121,-1.336,0.256,-0.015,-0.28,0.791,1,0.6,1,0.4,0,0,0,0.2,0,0,-0.635,-0.875
Poland,85,0.85,POL,17,2021,0.425,0.496,2.322,1.703,1.168,1.009,0.714,0.224,0.333,0.556,0.222,0,0.667,0.222,0.222,0.444,0,0,0.111,0.111,0,1.566,0.604,-0.892,-0.717,1.703,-0.646,1.835,1.868,0.776,1.654,0.368,2.199,2.089,1,0.143,1,0.571,0.143,0,0,0,0,0,1.4,-2.505
Portugal,82,0.82,PRT,21,2021,0.813,0.766,2.406,3.228,1.971,2.081,2.848,-0.534,0.556,0.778,0.333,0.111,0.333,0.222,0,0.556,0,0,0,0,0,2.196,2.747,2.419,-0.909,2.42,-1.377,1.928,1.988,2.719,2.257,1.823,0.876,0.019,0.875,0.625,1,0.625,0,0,0,0,0,0,2.967,-0.153
Qatar,100,1,QAT,94,2021,0.086,0.103,1.783,-1.706,-1.905,-1.258,-0.483,-3.271,NA,NA,NA,NA,NA,NA,NA,NA,NA,NA,NA,NA,NA,-0.738,-1.463,-0.457,2.313,-1.923,2.025,-0.767,-0.596,-3.138,-1.61,1.109,-1.568,-0.418,0.75,0.375,0.25,0.125,0,0,0.125,0,0,0.25,-1.961,3.885
Romania,84,0.84,ROU,190,2021,0.611,0.548,3.159,2.855,2.459,1.732,2.457,-0.049,0.6,1,0.4,0,0.4,0.2,0,0.4,0,0,0,0,0,2.084,1.243,1.77,-0.02,1.564,-1.425,1.013,1.76,1.053,1.549,0.641,0.761,-0.128,0.833,0.5,0.833,0.667,0,0.167,0.167,0,0,0,1.453,-0.452
Russian Federation,88,0.88,NA,NA,NA,NA,NA,NA,NA,NA,NA,NA,NA,NA,NA,NA,NA,NA,NA,NA,NA,NA,NA,NA,NA,NA,NA,NA,NA,NA,NA,NA,NA,NA,NA,NA,NA,NA,NA,NA,NA,NA,NA,NA,NA,NA,NA,NA,NA,NA,NA
Rwanda,30,0.3,RWA,129,2021,0.119,0.21,-1.809,-1.475,-0.428,-0.82,-0.591,-1.72,0,0,0.25,0,0.5,0,0,0,0.25,0,0,0,0,-0.459,-1.343,-0.127,1.906,-1.566,0.357,0.69,-0.238,-1.792,-1.419,-0.257,-3.103,-0.901,0.571,0.571,0.286,0,0.286,0,0,0.143,0.429,0.286,-1.303,2.876
Saint Kitts and Nevis,79,0.79,NA,NA,NA,NA,NA,NA,NA,NA,NA,NA,NA,NA,NA,NA,NA,NA,NA,NA,NA,NA,NA,NA,NA,NA,NA,NA,NA,NA,NA,NA,NA,NA,NA,NA,NA,NA,NA,NA,NA,NA,NA,NA,NA,NA,NA,NA,NA,NA,NA
Saint Lucia,78,0.78,NA,NA,NA,NA,NA,NA,NA,NA,NA,NA,NA,NA,NA,NA,NA,NA,NA,NA,NA,NA,NA,NA,NA,NA,NA,NA,NA,NA,NA,NA,NA,NA,NA,NA,NA,NA,NA,NA,NA,NA,NA,NA,NA,NA,NA,NA,NA,NA,NA
Saint Vincent and the Grenadines,85,0.85,NA,NA,NA,NA,NA,NA,NA,NA,NA,NA,NA,NA,NA,NA,NA,NA,NA,NA,NA,NA,NA,NA,NA,NA,NA,NA,NA,NA,NA,NA,NA,NA,NA,NA,NA,NA,NA,NA,NA,NA,NA,NA,NA,NA,NA,NA,NA,NA,NA
Samoa,78,0.78,NA,NA,NA,NA,NA,NA,NA,NA,NA,NA,NA,NA,NA,NA,NA,NA,NA,NA,NA,NA,NA,NA,NA,NA,NA,NA,NA,NA,NA,NA,NA,NA,NA,NA,NA,NA,NA,NA,NA,NA,NA,NA,NA,NA,NA,NA,NA,NA,NA
San Marino,75,0.75,NA,NA,NA,NA,NA,NA,NA,NA,NA,NA,NA,NA,NA,NA,NA,NA,NA,NA,NA,NA,NA,NA,NA,NA,NA,NA,NA,NA,NA,NA,NA,NA,NA,NA,NA,NA,NA,NA,NA,NA,NA,NA,NA,NA,NA,NA,NA,NA,NA
Sao Tome and Principe,51,0.51,STP,196,2021,0.584,0.494,2.273,2.164,1.638,1.296,1.961,-2.334,1,1,1,0,1,0,0,0,0,0,0,0,0,1.282,1.891,1.851,-1.494,1.91,-1.002,0.966,1.202,1.42,1.42,-0.348,-1.412,-1.693,0.667,0.5,0.667,0.167,0,0,0,0,0,0,0.118,1.325
Saudi Arabia,100,1,SAU,197,2021,0.044,0.112,-1.168,-1.258,-1.273,-1.845,-1.062,-1.571,0,0,0.5,0.5,0.5,0,0,0,1,0,1,0,0,-1.071,-2.137,-2.009,2.401,-2.642,0.972,-1.325,-1.733,-3.385,-1.261,1.749,-0.909,-1.001,0.6,0.2,0.2,0,0.2,0,0,0,0,0.4,-1.977,1.369
Senegal,58,0.58,SEN,31,2021,0.566,0.54,1.992,2.223,1.727,2.456,1.687,0.028,0.667,0.167,0,0,0.667,0,0,0,0,0.333,0.167,0.167,0.167,1.438,1.125,1.178,1.203,0.818,-0.156,1.307,1.899,-0.23,0.721,1.02,0.978,0.777,1,1,0.8,0.6,0.2,0,0,0,0,0,-0.746,0.322
Serbia,81,0.81,SRB,198,2021,0.243,0.306,1.481,1.368,1.14,1.072,0.576,0.235,0.667,0.444,0.444,0.222,0.556,0.111,0.111,0.333,0.222,0.222,0.222,0.222,0.222,1.008,-0.169,-1.652,-0.112,0.548,-0.836,1.306,1.277,-0.343,0.587,1.582,2.102,0.839,1,0.667,1,0.444,0.333,0.111,0.111,0,0,0,0.439,-1.67
Seychelles,82,0.82,SYC,199,2021,0.64,0.582,1.595,2.152,1.723,1.221,1.169,-0.798,0,0,0,0,1,0,0,0,0,0,0,0,0,0.065,2.115,1.908,0.359,0.66,0.929,1.002,1.004,0.614,1.359,0.908,-0.611,0.993,0.5,0.25,0.25,0,0,0.25,0,0,0,0,0.512,1.385
Singapore,91,0.91,SGP,200,2021,0.345,0.366,2.951,0.746,0.675,-0.444,0.228,-1.989,1,1,0,0,1,0,0,0,0,0,0,0,0,-0.102,-0.418,0.79,1.863,-0.433,2.254,1.387,1.524,-0.693,-0.649,1.317,-1.884,-1.069,0.75,0.25,0,0,0,0,0,0,0,0.5,-0.981,1.27
Slovakia,89,0.89,SVK,201,2021,0.778,0.696,2.115,2.467,2.487,1.512,1.657,-0.295,0.714,0.857,0.571,0,0.143,0.571,0.286,1,0.143,0,0.286,0.429,0,1.317,1.822,1.649,-1.743,1.574,-2.558,1.988,2.043,2.356,2.22,1.766,2.163,1.899,1,0.6,1,0.2,0.1,0,0.1,0,0,0,2.088,-1.24
Slovenia,89,0.89,SVN,202,2021,0.599,0.563,2.908,0.864,0.85,1.278,0.699,1.025,0.429,0.714,0.286,0,0.571,0.571,0.714,0.286,0,0,0,0.143,0,2.175,0.581,-0.802,-1.227,2.295,-2.038,1.821,1.867,1.425,2.029,0.671,1.882,0.036,1,0.667,1,0.667,0.5,0,0,0,0,0,1.921,-2.22
Solomon Islands,36,0.36,SLB,203,2021,0.475,0.348,1.769,1.562,1.122,1.92,1.892,-0.537,0.667,0.667,0,0,0.667,0,0,0,0.333,0.667,0,0,0,0.747,1.295,0.676,-1.669,1.735,-2.096,1.053,1.407,1.163,0.51,-0.561,-0.342,-0.992,0.5,1,0.75,0.5,0.25,0,0,0,0,0,1.672,1.141
South Africa,72,0.72,ZAF,8,2021,0.582,0.49,0.585,1.422,1.494,2.64,1.226,-0.574,0.4,0.4,0.4,0.4,0,0,0.4,0,0.2,0,0,0,0,1.462,1.077,1.187,0.106,1.507,-0.002,0.882,1.648,0.821,2.016,1.461,1.275,0.827,0.667,0.667,0.667,0.5,0.667,0.333,0.333,0,0,0.167,1.265,-0.828
Spain,94,0.94,ESP,96,2021,0.779,0.753,3.118,1.616,1.782,2.48,2.871,-0.293,0.091,0.364,0.364,0.364,0.091,0.455,0.182,0.182,0.091,0.455,0,0,0,1.325,1.671,1.393,0.759,1.73,1.073,2.002,1.29,1.503,1.422,0.975,1.496,2.12,0.778,0.667,1,0.889,0.667,0.333,0,0,0,0.111,2.268,-2.153
Sri Lanka,67,0.67,LKA,131,2021,0.382,0.376,0.47,0.873,0.765,0.063,-0.573,0.127,0.6,0.6,0.4,0,0.8,0,0.4,0.2,0.4,0,0.4,0.2,0,-0.116,0.672,-1.654,0.313,-0.341,1.047,0.503,1.629,-0.545,-0.069,0.211,0.17,-0.015,0.667,0.5,0.833,0.667,0,0,0,0,0,0.167,-0.208,-0.108
Suriname,66,0.66,SUR,4,2021,0.623,0.548,2.021,2.286,1.871,2.882,2.699,-1.315,0.5,0,1,0,1,0,0,0,0.5,0,0.5,0,0,1.343,0.261,0.473,-0.876,1.314,-0.547,1.72,1.734,0.868,1.248,1.232,0.236,0.649,1,0.4,1,0.6,0,0.2,0,0,0,0,0.414,0.404
Sweden,88,0.88,SWE,5,2021,0.871,0.824,3.294,1.936,1.988,2.982,3.074,-0.814,0.143,0.286,0.714,0,0,0.714,0.714,1,0.286,0.143,0.571,0,0.143,2.251,2.261,2.521,-0.604,2.161,-1.37,1.868,1.932,2.926,2.116,2.701,1.073,0.626,0.857,1,0.857,0.143,0,0,0,0,0,0,1.764,0.804
Switzerland,96,0.96,CHE,6,2021,0.851,0.834,3.093,2.59,2.896,2.553,2.92,-1.881,0,0,1,0,0,1,0,0,0,0,0,0,0,2.163,3.714,2.649,-0.897,2.355,-3.084,1.769,1.84,1.994,1.959,0.893,0.551,0.299,0.8,0.6,1,0.2,0,0,0,0,0,0,2.405,-0.766
Taiwan,90,0.9,TWN,48,2021,0.707,0.736,3.164,2.376,2.477,1.931,2.252,-0.417,0.286,0.857,0.571,0,0.571,0.143,0.143,0,0,0.143,0,0,0.429,1.183,1.069,1.403,-0.27,0.704,-0.854,1.041,1.415,0.288,0.702,3.058,2.535,2.804,0.875,0.75,1,0.625,0,0,0,0,0,0.125,1.654,-0.27
Tanzania,32,0.32,TZA,47,2021,0.339,0.332,1.312,0.955,0.913,0.296,0.348,-1.06,0.6,0.4,0.2,0,0.6,0.2,0.2,0.2,0,0,0.2,0,0,0.285,0.486,-0.621,1.332,0.114,1.656,0.376,0.03,-0.021,-0.17,0.485,-0.445,1.413,0.2,0.6,0.6,0.2,0.2,0,0,0.2,0,0.2,-1.175,0.537
Thailand,85,0.85,THA,49,2021,0.171,0.157,-0.839,-1.355,-1.414,0.131,-1.457,2.582,0.333,0.333,0.5,0.167,1,0.333,0.333,0.167,0.333,0.333,0.167,0,0,-0.449,0.61,-0.829,1.183,-0.72,0.541,0.617,0.558,-1.238,-1.018,1.173,1.984,0.787,1,1,0.75,0.25,0.5,0.5,0,0,0,0,-1.564,-2.672
Timor-Leste,39,0.39,TLS,74,2021,0.488,0.426,2.665,1.723,1.416,1.523,2.314,0.104,0,0.667,0.667,0,0.333,0.333,0,0,0.333,0,0.333,0.333,0,0.142,0.984,0.339,-2.114,1.445,-1.943,1.106,1.393,1.373,0.62,-0.42,-0.067,0.216,0.6,0.6,1,0.4,0,0,0,0,0,0,1.048,-0.112
Togo,35,0.35,TGO,134,2021,0.238,0.318,1.116,-0.226,-0.353,0.614,0.01,1.332,0.4,0.2,0.2,0,0.6,0.2,0,0,0,0,0.2,0,0,-0.165,0.144,-0.85,1.941,-0.353,1.85,-0.837,-0.092,-0.927,1.104,-0.466,1.25,3.033,0.571,0.429,0.571,0.857,0,0,0,0,0,0.143,-0.009,-0.395
Tonga,72,0.72,NA,NA,NA,NA,NA,NA,NA,NA,NA,NA,NA,NA,NA,NA,NA,NA,NA,NA,NA,NA,NA,NA,NA,NA,NA,NA,NA,NA,NA,NA,NA,NA,NA,NA,NA,NA,NA,NA,NA,NA,NA,NA,NA,NA,NA,NA,NA,NA,NA
Trinidad and Tobago,79,0.79,TTO,135,2021,0.656,0.622,2.076,2.039,1.842,2.094,2.546,-0.499,0.5,0.25,0.25,0,0.75,0.25,0.25,0.25,0.25,0,0.25,0,0,1.929,1.978,1.051,-0.37,1.959,-0.852,1.842,1.876,0.219,1.213,0.214,0.395,-1.053,0.667,0.667,1,0.667,0,0.167,0,0,0,0,1.285,0.431
Tunisia,79,0.79,TUN,98,2021,0.388,0.463,1.57,0.639,0.766,1.534,1.46,1.16,0.625,0.5,0.25,0,0.375,0.25,0.25,0.125,0.125,0,0.375,0.125,0,0.941,1.555,-0.038,1.049,1.028,-0.544,0.99,0.305,1.594,1.388,1.826,1.946,3.298,0.833,0.167,1,0.833,0.167,0.167,0,0,0,0,1.498,-1.261
Tuvalu,72,0.72,NA,NA,NA,NA,NA,NA,NA,NA,NA,NA,NA,NA,NA,NA,NA,NA,NA,NA,NA,NA,NA,NA,NA,NA,NA,NA,NA,NA,NA,NA,NA,NA,NA,NA,NA,NA,NA,NA,NA,NA,NA,NA,NA,NA,NA,NA,NA,NA,NA
Turkey,81,0.81,TUR,99,2021,0.123,0.219,0.349,-1.22,-1.32,-0.962,-1.631,0.385,0.308,0.462,0.385,0.231,0.308,0.231,0.462,0.154,0.231,0.462,0.308,0.308,0,-0.926,-1.091,-2.119,0.971,-2.128,1.223,-0.672,-0.946,-0.604,-1.772,1.039,1.676,2.007,1,0.625,0.875,0.75,0.125,0.25,0.375,0,0.125,0.25,-1.611,-2.674
Uganda,10,0.1,UGA,50,2021,0.203,0.163,-0.704,-0.129,-0.093,0.088,-1.34,-0.504,0.167,0.833,0.667,0,0.667,0.167,0,0,0.5,0.167,0.167,0,0.167,-0.593,-0.126,-1.441,0.731,-1.117,0.285,-0.975,-1.316,-1.057,-0.269,-0.954,-0.904,0.12,0.4,0.6,0.8,0.6,0.2,0,0.4,0,0,0,-1.512,-0.133
Ukraine,79,0.79,UKR,100,2021,0.312,0.37,1.102,1.209,1.233,0.967,1.674,-0.107,0.1,0.3,0.3,0.2,0.1,0.4,0.1,0.3,0.1,0.7,0,0.3,0.2,-0.273,0.288,-0.331,0.479,0.253,-1,0.367,-0.883,0.033,0.265,0.474,2.606,2.529,0.778,0.556,0.889,0.111,0,0,0.111,0,0,0.222,0.62,-0.874
United Arab Emirates,100,1,ARE,207,2021,0.082,0.134,1.157,-0.568,-0.883,-1.325,-1.167,-2.547,0,0,1,0,0,0,0,0,0,0,0,0,0,-2.086,-3.135,-1.223,2.279,-3.716,0.221,-0.892,-1.721,-2.108,-2.164,1.855,-2.483,-1.723,0.5,0.25,0,0,0,0,0.25,0.25,0,0.25,-2.541,2.12
United Kingdom,97,0.97,GBR,101,2021,0.787,0.715,2.309,2.712,2.768,1.755,2.195,-0.87,0.167,0.333,0.667,0,0.833,0.333,0.333,0.333,0,0.333,0.333,0.167,0,0.552,2.652,0.338,0.614,1.528,-0.995,1.766,0.913,1.016,0.82,2.809,2.158,1.479,1,0.833,1,0.667,0,0,0,0,0,0,0.959,-0.465
United States of America,92,0.92,USA,20,2021,0.735,0.581,2.8,2.351,2.275,2.842,2.398,-0.431,0.429,0.286,0.429,0.143,0.429,0.286,0.143,0.714,0.143,0,0.143,0.286,0,1.227,2.076,-0.018,0.838,1.493,-1.055,1.006,1.139,0.256,0.752,2.147,1.478,2.714,0.857,0.857,0.857,0.571,0.571,0.429,0.286,0,0,0,2.309,-1.505
Uruguay,90,0.9,URY,102,2021,0.775,0.706,3.182,2.222,1.545,2.451,1.971,-1.447,0,0,0,0,0,1,0.5,0,0,0,0,0,0,2.149,2.345,2.276,0.444,2.165,1.791,1.806,1.81,1.844,1.449,1.078,1.268,-0.047,0.833,0.333,0.5,0.667,0,0,0,0,0,0.167,1.868,-0.178
Uzbekistan,77,0.77,UZB,140,2021,0.082,0.154,0.462,-0.037,-0.299,-0.47,-0.756,-1.682,0,0,0.333,0.333,1,0,0.333,0.333,0,0,1,0,0,-2.412,-0.913,-1.988,1.212,-1.774,1.745,-1.22,-1.075,-1.512,-1.467,0.636,-0.796,-1.137,0.625,0.5,0.25,0,0,0,0,0,0,0.125,-1.418,0.817
Vanuatu,66,0.66,VUT,206,2021,0.651,0.586,2.752,2.284,2.394,2.957,3.024,-2.55,0,0,1,0,0,0,0,0,1,0,1,0,0,1.838,1.028,1.834,-1.474,1.77,-1.106,1.779,1.814,1.25,1.504,-0.537,-0.733,-0.613,0.75,0.75,0.5,0.25,0,0,0.25,0,0,0.25,1.71,0.9
Vatican,75,0.75,NA,NA,NA,NA,NA,NA,NA,NA,NA,NA,NA,NA,NA,NA,NA,NA,NA,NA,NA,NA,NA,NA,NA,NA,NA,NA,NA,NA,NA,NA,NA,NA,NA,NA,NA,NA,NA,NA,NA,NA,NA,NA,NA,NA,NA,NA,NA,NA,NA
Vietnam,74,0.74,VNM,34,2021,0.112,0.186,0.956,-0.651,-0.774,-0.904,-0.776,-1.268,0.667,0.667,0.333,0,0.333,0,0,0,0,0,0.333,0,0,-0.945,-1.008,-1.002,1.861,-2.071,0.879,0.542,0.342,-1.542,-1.482,-0.409,1.031,-1.275,0.8,0.2,1,0.8,0.2,0,0,0,0,0.2,-2.316,1.554
Zambia,21,0.21,ZMB,61,2021,0.318,0.259,1.088,1.18,1.408,0.824,0.185,-0.528,0.4,0.4,0.2,0,0.6,0,0,0,0,0,0.2,0,0,-0.287,0.483,-1.574,1.26,0.157,2.34,0.142,0.19,-1.336,1.135,1.782,-0.77,0.59,1,0.8,1,0.2,0.2,0.2,0.2,0,0,0,-0.954,-1.743
Zimbabwe,35,0.35,ZWE,62,2021,0.194,0.191,-1.642,-1.041,-0.91,0.541,-1.156,0.713,0.333,0.5,0.25,0.083,0.5,0.083,0.167,0,0.083,0.167,0.167,0,0.083,-0.033,-0.181,-2.145,0.978,-0.35,1.017,-0.6,-0.303,-1.547,-0.531,-0.251,0.693,-0.482,0.667,0.5,0.833,0.5,0.333,0,0,0,0,0,-2.552,-2.125
Russia,NA,NA,RUS,11,2021,0.102,0.19,-0.854,0.392,0.326,-0.868,-0.879,-0.66,0.333,0.667,0.333,0,0.833,0,0,0,0,0,0,0,0,-0.675,-0.638,-2.614,1.915,-0.654,0.326,-0.111,0.333,-1.545,-0.993,0.192,0.729,-0.483,0.857,0.571,0.714,0.143,0.143,0,0,0,0,0.143,-0.911,0.788
Yemen,NA,NA,YEM,14,2021,0.035,0.028,-2.362,-0.859,-0.986,-1.301,-0.534,0.88,0.25,0.375,0.375,0.375,0,0.5,0.125,0.25,0.25,0.875,0.875,0.5,0.25,-1.834,-1.378,-2.443,1.499,-2.138,1.235,-1.647,-1.464,-1.335,-1.615,-1.161,0.627,-0.385,0.286,0.286,0.714,0.286,0.286,0.429,0.286,0.143,0.143,0,-1.996,-2.453
South Sudan,NA,NA,SSD,32,2021,0.054,0.026,-0.675,-0.686,-1.801,-0.275,-1.042,0.614,0,0,1,0.5,0,0.5,0,0.5,0.5,0.5,0.5,0.5,0.5,-1.182,-2.154,-2.693,-0.577,-1.307,-0.557,-2.624,-1.949,-2.257,-2.972,-1.649,-1.265,-0.344,0,0,0.5,0.5,0.5,0.5,0.5,0.5,0,0,-2.782,-2.173
Sudan,NA,NA,SDN,33,2021,0.074,0.101,-1.012,-0.121,-0.311,-0.353,-0.194,1.849,0.5,0.5,0.5,0.5,1,0,0.25,0,0,0,0.25,0,0,-1.007,-0.243,-1.386,0.409,-2.05,-0.036,-2.65,-2.722,-1.358,-0.85,0.238,0.396,1.139,0.25,0.5,1,0.5,0,0.25,0.25,0.5,0.25,0.25,-1.025,-1.86
Afghanistan,NA,NA,AFG,36,2021,0.043,0.082,-1.573,-0.988,-1.173,-0.611,-0.729,-1.137,0.5,0.5,1,1,0.5,0.5,0,0,0.5,0,1,0,0.5,-1.005,-1.476,-1.833,-0.215,-0.999,-0.965,0.278,-0.666,-1.024,0.479,-0.334,1.885,1.298,0.667,0.333,1,1,0.333,0.667,0,0.667,0.333,0,-2.055,-2.494
North Korea,NA,NA,PRK,41,2021,0.014,0.085,-2.15,-3.25,-2.784,-2.283,-3.759,-2.599,NA,NA,NA,NA,NA,NA,NA,NA,NA,NA,NA,NA,NA,-4.102,-2.96,-2.734,2.628,-3.898,2.131,-4.169,-3.98,-3.702,-4.901,-2.238,-3.545,-3.57,0,0,0,0,0,0,0,0,0,1,-2.949,4.326
South Korea,NA,NA,KOR,42,2021,0.788,0.754,2.669,2.663,2.68,1.152,2.609,-1.248,0.6,0.8,0.4,0,0.6,0.6,0.8,1,0,0,0.2,0,0,0.145,2.399,1.91,1.643,1.252,1.204,1.957,1.204,1.566,1.709,2.617,2.751,2.321,1,1,1,1,0.125,0,0,0,0,0,2.376,-1.221
Kosovo,NA,NA,XKX,43,2021,0.445,0.427,2.522,1.706,1.579,1.646,1.398,-0.622,0.25,0.5,0.125,0,0.375,0.125,0,0.125,0,0.125,0.25,0.125,0,1.34,1.063,-0.517,-0.82,1.346,-1.306,1.343,1.171,-0.655,0.839,1.381,-0.114,-0.205,0.75,0.75,1,0.625,0.125,0,0.125,0,0,0,1.558,0.727
Venezuela,NA,NA,VEN,51,2021,0.064,0.122,-0.16,-0.749,-0.692,-0.552,-1.008,0.56,0.636,0.364,0.455,0.091,0.545,0.091,0.182,0.273,0,0,0.091,0,0.091,-1.154,-0.641,-3.64,2.018,-2.101,0.824,-1.751,-1.099,-2.738,-0.949,0.33,1.39,2.14,0.4,0.9,0.9,0.5,0.1,0.3,0,0,0,0.2,-1.073,-1.749
Sierra Leone,NA,NA,SLE,95,2021,0.426,0.403,1.728,1.385,1.59,2.103,2.077,-1.056,0.333,0.333,0.667,0,0,0.667,0,0,0.667,0,0,0,0,0.866,0.968,-0.234,-0.881,0.93,0.994,0.369,1.234,0.948,0.82,-0.144,-0.415,0.631,0.375,0.75,0.5,0.5,0,0,0,0,0.125,0,0.212,-0.616
Syria,NA,NA,SYR,97,2021,0.036,0.058,-1.749,-2.247,-2.465,-2.902,-2.413,0.274,0.167,0.167,0.5,0.333,0.667,0.333,0.5,0.5,0.5,0.667,0.833,0.5,0.5,-2.797,-1.614,-3.066,1.626,-2.926,1.662,-1.851,-0.923,-2.851,-1.68,-1.104,1.189,0.824,0.556,0.667,0.778,0.222,0.333,0.333,0.111,0.444,0.111,0,-2.251,-1.378
Republic of the Congo,NA,NA,COG,112,2021,0.108,0.134,-1.936,-2.109,-2.447,-0.915,-1.105,0.662,0.2,0.6,0.8,0.4,0.4,0,0,0,0.4,0,0.2,0.2,0.2,-1.486,0.347,-1.025,1.944,-1.876,1.102,-1.01,-0.592,-1.069,-1.081,-0.322,-0.412,0.632,0.4,0.8,0.6,0.6,0.2,0.2,0.2,0,0.2,0,-1.709,0.198
Libya,NA,NA,LBY,124,2021,0.144,0.162,-1.454,0.008,-0.637,1.663,1.137,1.103,0.286,0.429,0.429,0.571,0.143,0.429,0,0.143,0.429,0.429,0.571,0.143,0.429,0.616,-0.106,-0.704,-1.771,1.187,-1.012,-0.054,0.131,0.638,0.219,0.019,0.628,0.331,0.571,0.714,0.857,0.571,0.429,0.429,0.286,0.286,0.143,0,0.237,-1.534
Palestine/West Bank,NA,NA,PSE,128,2021,0.144,0.196,0.455,0.174,0.337,1.353,0.55,0.765,0.25,0.5,0.5,0.25,0.25,0.25,0.25,0.25,0.25,0.25,0.25,0,0,-0.299,-0.641,0.742,0.303,0.474,-0.292,0.881,1.677,-0.951,0.017,-0.123,-0.419,-1.53,0.333,1,0.667,0.667,0,0,0,0,0,0,-1.278,-1.651
Somalia,NA,NA,SOM,130,2021,0.102,0.084,-1.573,0.357,0.448,-0.175,0.042,-0.45,0.25,0.25,0.25,0.75,0,0.25,0.25,0,0.75,0.25,0.75,0.5,0.25,0.789,-0.3,-1.398,-1.172,-0.548,-0.376,-0.708,-0.456,-0.886,0.016,-0.279,0.814,1.856,0.4,0.6,1,0.4,0.2,0.4,0.2,0.4,0.2,0.2,-0.757,-1.233
Tajikistan,NA,NA,TJK,133,2021,0.048,0.072,-1.162,-1.495,-1.753,-1.32,-1.109,-1.528,0.333,0,0.333,0,0,0,0,0,0.667,0.333,0.667,0.333,0.333,-1.523,-1.157,-1.799,1.468,-2.202,0.818,-2.259,-1.939,-1.547,-1.399,-0.825,-3.079,-0.755,0.6,0.6,0,0,0,0,0,0,0,0.2,-1.827,1.481
Turkmenistan,NA,NA,TKM,136,2021,0.036,0.087,-0.532,-1.701,-1.62,-3.006,-1.847,-2.494,NA,NA,NA,NA,NA,NA,NA,NA,NA,NA,NA,NA,NA,-3.353,-2.423,-3.522,1.852,-3.17,1.325,-3.044,-3.426,-2.445,-3.615,-1.893,-2.621,-3.23,0,0.2,0.2,0,0,0,0,0,0,0.8,-2.093,1.423
Palestine/Gaza,NA,NA,PSG,138,2021,0.058,0.159,-0.753,-0.832,-1.554,-0.265,-1.571,-0.824,0.4,0.2,0.4,0,0.4,0,0,0,0.2,0,0.2,0,0,-0.408,-1.271,-0.667,-0.709,0.534,-1.641,1.291,0.467,-1.547,-1.156,-0.2,-0.364,-0.051,0.25,0.75,0.75,0.5,0,0,0,0,0,0,-1.564,-1.275
Somaliland,NA,NA,SML,139,2021,0.269,0.18,1.589,1.113,0.907,0.868,1.07,-1.286,0.5,0.5,0,0,0,0,0,0,0.5,1,0,0,0,0.137,0.202,-0.673,0.183,-0.006,0.797,-0.202,1.182,-0.763,-0.114,-0.087,-0.469,0.561,0.2,0.8,0.6,0,0.2,0,0.2,0.2,0,0.2,-0.121,0.539
Zanzibar,NA,NA,ZZB,236,2021,0.225,0.248,1.369,0.375,-0.159,-0.062,-0.153,-0.445,0.286,0.571,0.714,0,0.571,0,0,0,0,0.571,0.429,0,0,-0.647,-0.279,-0.453,0.428,0.776,1.657,0.293,0.117,-0.712,-1.155,-0.048,-1.301,-0.619,0.5,0.5,0.5,0.5,0,0,0,0,0,0.25,-1.26,-1.349
